idx,class,conversation_original,conversation_flat,conversation_predicted_turns,actual_boundaries,predicted_boundaries
0,갈취 대화,"누나 나 돈 좀 주라
무슨 돈을 또 줘 어제도 가져가 놓고
그건 어제고 오늘 또 필요해서 그래
얘가 나한테 돈 맡겨 놨어? 왜 자꾸 돈 달래
돈 안 주면 엄마한테 누나 애인 있는 거 다 이른다
뭐라고 얘가 이제 협박까지 하네
엄마한테 걸리고 싶으면 마음대로 해
알았어 주면 되잖아
5만원 만 줘 고마워 누나
이번이 마지막이야 이제는 못 줘",누나 나 돈 좀 주라 무슨 돈을 또 줘 어제도 가져가 놓고 그건 어제고 오늘 또 필요해서 그래 얘가 나한테 돈 맡겨 놨어 왜 자꾸 돈 달래 돈 안 주면 엄마한테 누나 애인 있는 거 다 이른다 뭐라고 얘가 이제 협박까지 하네 엄마한테 걸리고 싶으면 마음대로 해 알았어 주면 되잖아 5만원 만 줘 고마워 누나 이번이 마지막이야 이제는 못 줘,"누나 나 돈 좀 주라
무슨 돈을 또 줘
어제도 가져가 놓고
그건 어제고
오늘 또 필요해서 그래
얘가 나한테 돈 맡겨 놨어
왜 자꾸 돈 달래
돈 안 주면 엄마한테 누나 애인 있는 거 다 이른다
뭐라고
얘가 이제 협박까지 하네
엄마한테 걸리고 싶으면 마음대로 해
알았어 주면 되잖아
5만원 만 줘
고마워
누나 이번이 마지막이야
이제는 못 줘","[5, 12, 18, 27, 37, 42, 47, 50, 55]","[5, 9, 12, 14, 18, 23, 27, 37, 38, 42, 47, 50, 53, 54, 57]"
1,갈취 대화,"야 돈 좀 있냐?
나 돈 없는데
나 요즘 완전 거지인데 사고싶은거 생겨서 얼마만 필요한데 일주일 뒤에 바로 갚을게
나도 없어
야 그러지말고 며칠만 빌려주면안돼냐
나도 돈 없다니까
야 친구끼리 왜 이렇게 째째하게구냐? 그거 좀 빌려주는게 어디 덧나냐? 얼마만 달라고
너 저번에도 안 돌려줬잖아.
죽을래? 알바해서라도 만들어서오든지 너네 부모님한테 달라고 하라고
미안해.",야 돈 좀 있냐 나 돈 없는데 나 요즘 완전 거지인데 사고싶은거 생겨서 얼마만 필요한데 일주일 뒤에 바로 갚을게 나도 없어 야 그러지말고 며칠만 빌려주면안돼냐 나도 돈 없다니까 야 친구끼리 왜 이렇게 째째하게구냐 그거 좀 빌려주는게 어디 덧나냐 얼마만 달라고 너 저번에도 안 돌려줬잖아 죽을래 알바해서라도 만들어서오든지 너네 부모님한테 달라고 하라고 미안해,"야 돈 좀 있냐
나 돈 없는데
나 요즘 완전 거지인데
사고싶은거 생겨서
얼마만 필요한데
일주일 뒤에 바로 갚을게
나도 없어
야 그러지말고 며칠만 빌려주면안돼냐
나도 돈 없다니까
야 친구끼리 왜 이렇게 째째하게구냐
그거 좀 빌려주는게 어디 덧나냐
얼마만 달라고
너 저번에도 안 돌려줬잖아
죽을래
알바해서라도 만들어서오든지
너네 부모님한테 달라고 하라고
미안해","[4, 7, 19, 21, 25, 28, 40, 44, 51]","[4, 7, 11, 13, 15, 19, 21, 25, 28, 33, 38, 40, 44, 45, 47, 51]"
2,갈취 대화,"여기에 지장 찍으라고.
이번달 까지는 돈 정말 갚을게요.
내가 오늘 기분이 좀 안좋아서. 맞고 찍을래? 그냥 찍을래?
정말 못 찍어요.이번달까지는 돈 갚을게요.
아 그러셔? 그럼 맞고 지장 찍자.
재산몰수는 정말 안되요.
아니 맞는걸로 끝내려했는데 그냥 오늘 죽을래?
알겠어요 찍을게요.
이게 정신을 차리네.
재산은 정말 안되는데.",여기에 지장 찍으라고 이번달 까지는 돈 정말 갚을게요 내가 오늘 기분이 좀 안좋아서 맞고 찍을래 그냥 찍을래 정말 못 찍어요이번달까지는 돈 갚을게요 아 그러셔 그럼 맞고 지장 찍자 재산몰수는 정말 안되요 아니 맞는걸로 끝내려했는데 그냥 오늘 죽을래 알겠어요 찍을게요 이게 정신을 차리네 재산은 정말 안되는데,"여기에 지장 찍으라고
이번달 까지는 돈 정말 갚을게요
내가 오늘 기분이 좀 안좋아서
맞고 찍을래 그냥 찍을래
정말 못 찍어요이번달까지는 돈 갚을게요
아 그러셔
그럼 맞고 지장 찍자
재산몰수는 정말 안되요
아니 맞는걸로 끝내려했는데 그냥 오늘 죽을래
알겠어요 찍을게요
이게 정신을 차리네
재산은 정말 안되는데","[3, 8, 17, 22, 28, 31, 37, 39, 42]","[3, 8, 13, 17, 22, 24, 28, 31, 37, 39, 42]"
3,갈취 대화,"이번 한 번만 더 싸게 물건 넘기면 되는 거야. 알겠지?
이번에도 이 가격으로 계약하면 저희 회사 망합니다.
너네 하청업체 그동안 담합이랑 단가 위조까지 모두 다 신고해 줘?
제발 그것만은 참아주세요.
그러니까 그냥 조용히 계약서에 날인하란 말이야.
회장님 제발 사정 한 번만 봐주세요.
그러니까 원하는 대로 편하게 살고 싶었으면 아예 책잡힐 일을 하지 말았어야지. 안 그래?
제가 계약 조건 최대한 좋게 해드릴 테니까 조금만 여유를 주세요.
더 말하지 말고 정해. 재판받을지 아니면 계약할지.
알겠습니다.",이번 한 번만 더 싸게 물건 넘기면 되는 거야 알겠지 이번에도 이 가격으로 계약하면 저희 회사 망합니다 너네 하청업체 그동안 담합이랑 단가 위조까지 모두 다 신고해 줘 제발 그것만은 참아주세요 그러니까 그냥 조용히 계약서에 날인하란 말이야 회장님 제발 사정 한 번만 봐주세요 그러니까 원하는 대로 편하게 살고 싶었으면 아예 책잡힐 일을 하지 말았어야지 안 그래 제가 계약 조건 최대한 좋게 해드릴 테니까 조금만 여유를 주세요 더 말하지 말고 정해 재판받을지 아니면 계약할지 알겠습니다,"이번 한 번만 더 싸게 물건 넘기면 되는 거야
알겠지
이번에도 이 가격으로 계약하면 저희 회사 망합니다
너네 하청업체 그동안 담합이랑 단가 위조까지 모두 다 신고해 줘
제발 그것만은 참아주세요
그러니까 그냥 조용히 계약서에 날인하란 말이야
회장님
제발 사정 한 번만 봐주세요
그러니까 원하는 대로 편하게 살고 싶었으면 아예 책잡힐 일을 하지 말았어야지 안 그래
제가 계약 조건 최대한 좋게 해드릴 테니까 조금만 여유를 주세요
더 말하지 말고 정해 재판받을지 아니면 계약할지
알겠습니다","[10, 17, 27, 30, 36, 42, 55, 65, 72]","[9, 10, 17, 27, 30, 36, 37, 42, 55, 65, 72]"
4,갈취 대화,"야 합의 하에 영상 지워줄까 아님 그냥 유포할까?
 합의할게요
 그래 합의금 100만원 입금 전화하면 받아. 답장 바로바로 해.
 저 편의점이 조금 먼데 시간 좀 주시면 안될까요?
 빨리 뛰어가 5분 내로 입금해
 네 일단 가고 있어요
 돈 찍어서 보내 바로바로 확인하라고 씨발
 잠시만요
 빨리빨리 안보내면 바로 유포해버린다?
 입금했어요",야 합의 하에 영상 지워줄까 아님 그냥 유포할까 합의할게요 그래 합의금 100만원 입금 전화하면 받아 답장 바로바로 해 저 편의점이 조금 먼데 시간 좀 주시면 안될까요 빨리 뛰어가 5분 내로 입금해 네 일단 가고 있어요 돈 찍어서 보내 바로바로 확인하라고 씨발 잠시만요 빨리빨리 안보내면 바로 유포해버린다 입금했어요,"야 합의 하에 영상 지워줄까 아님 그냥 유포할까
합의할게요
그래 합의금 100만원 입금
전화하면 받아 답장 바로바로 해
저 편의점이 조금 먼데 시간 좀 주시면 안될까요
빨리 뛰어가
5분 내로 입금해
네
일단 가고 있어요
돈 찍어서 보내
바로바로 확인하라고
씨발
잠시만요
빨리빨리 안보내면 바로 유포해버린다
입금했어요","[8, 9, 18, 26, 31, 35, 41, 42, 46]","[8, 9, 13, 18, 26, 28, 31, 32, 35, 38, 40, 41, 42, 46]"
5,협박 대화,"내 부하를 살려내지 않으면 당상 죽여버리겠다.
누구십니까?? 살려내라니요.
긴 말은 필요 없다 당장 살려내
잠시만요 너무 피가 많이납니다!
죽고 싶은 거냐? 살려내!!
당장 살려내라니요. 피가 너무나서 과다출혈위험이 있어요
지금 당장 살려내지않으면 바로 죽여버리겠다.
.준비할 시간이 필요합니다!
당장 수술실에 들어가서 살려내라!
준비하겠습니다.",내 부하를 살려내지 않으면 당상 죽여버리겠다 누구십니까 살려내라니요 긴 말은 필요 없다 당장 살려내 잠시만요 너무 피가 많이납니다 죽고 싶은 거냐 살려내 당장 살려내라니요 피가 너무나서 과다출혈위험이 있어요 지금 당장 살려내지않으면 바로 죽여버리겠다 준비할 시간이 필요합니다 당장 수술실에 들어가서 살려내라 준비하겠습니다,"내 부하를 살려내지 않으면 당상 죽여버리겠다
누구십니까
살려내라니요
긴 말은 필요 없다
당장 살려내
잠시만요
너무 피가 많이납니다
죽고 싶은 거냐
살려내
당장 살려내라니요
피가 너무나서
과다출혈위험이 있어요
지금 당장 살려내지않으면 바로 죽여버리겠다
준비할 시간이 필요합니다
당장 수술실에 들어가서 살려내라
준비하겠습니다","[6, 8, 14, 18, 22, 28, 33, 36, 40]","[6, 7, 8, 12, 14, 15, 18, 21, 22, 24, 26, 28, 33, 36, 40]"
6,협박 대화,"넌 그냥 죽어야해 이 한국남자야
그러지 마세요 왜 그러세요
넌 그냥 죽어 
죽기전에 이유나 들어보자 왜 그러는데요
한국남자는 여자들 강간하고 노예로 부리려 하고 폭행하고 우리가 무슨 성노예야?
전 적어도 그런 사람은 아니에요
너도 똑같애
모든 남자가 다 그런게 아니에요
너의 허튼 변명 듣기도 싫다 그냥 이 칼로 죽어
왜 그러시는데요 진짜",넌 그냥 죽어야해 이 한국남자야 그러지 마세요 왜 그러세요 넌 그냥 죽어 죽기전에 이유나 들어보자 왜 그러는데요 한국남자는 여자들 강간하고 노예로 부리려 하고 폭행하고 우리가 무슨 성노예야 전 적어도 그런 사람은 아니에요 너도 똑같애 모든 남자가 다 그런게 아니에요 너의 허튼 변명 듣기도 싫다 그냥 이 칼로 죽어 왜 그러시는데요 진짜,"넌 그냥 죽어야해
이 한국남자야
그러지 마세요
왜 그러세요
넌 그냥 죽어
죽기전에 이유나 들어보자
왜 그러는데요
한국남자는 여자들 강간하고 노예로 부리려 하고 폭행하고
우리가 무슨 성노예야
전 적어도 그런 사람은 아니에요
너도 똑같애
모든 남자가 다 그런게 아니에요
너의 허튼 변명 듣기도 싫다 그냥 이 칼로 죽어
왜 그러시는데요
진짜","[5, 9, 12, 17, 27, 32, 34, 39, 48]","[3, 5, 7, 9, 12, 15, 17, 24, 27, 32, 34, 39, 48, 50]"
7,협박 대화,"우리 헤어지자
네가 어떻게 그런 말을 해
그동안 많이 참았던 말이야
죽을 때까지 함께 하기로 했잖아
그건 사랑했을 때나 통한 말이지
아니야 난 아직도 너 사랑해 우린 갈라질 수 없어
그래도 헤어지면 정리할 줄 알아야지
안 돼 우린 언제나 함께여야 해
그럴 수는 없어 
헤어질 바엔 같이 죽자 내가 너 죽이고 나도 죽을게
무슨 소리야 제발 그러지 마",우리 헤어지자 네가 어떻게 그런 말을 해 그동안 많이 참았던 말이야 죽을 때까지 함께 하기로 했잖아 그건 사랑했을 때나 통한 말이지 아니야 난 아직도 너 사랑해 우린 갈라질 수 없어 그래도 헤어지면 정리할 줄 알아야지 안 돼 우린 언제나 함께여야 해 그럴 수는 없어 헤어질 바엔 같이 죽자 내가 너 죽이고 나도 죽을게 무슨 소리야 제발 그러지 마,"우리 헤어지자
네가 어떻게 그런 말을 해
그동안 많이 참았던 말이야
죽을 때까지 함께 하기로 했잖아
그건 사랑했을 때나 통한 말이지
아니야 난 아직도 너 사랑해
우린 갈라질 수 없어
그래도 헤어지면 정리할 줄 알아야지
안 돼 우린 언제나 함께여야 해
그럴 수는 없어
헤어질 바엔 같이 죽자
내가 너 죽이고 나도 죽을게
무슨 소리야
제발 그러지 마","[2, 7, 11, 16, 21, 30, 35, 41, 44, 53]","[2, 7, 11, 16, 21, 26, 30, 35, 41, 44, 48, 53, 55]"
8,협박 대화,"동생 이쁘던데?
내동생 어찌알어
소문났어 이쁘다고
내동생 근처에 얼씬도 마
그럼 내가 시키는대로 해
그건 곤란해
동생 생각해
제발 동생 건들지마
내가 시키는거 오늘까지 해
생각해볼께요",동생 이쁘던데 내동생 어찌알어 소문났어 이쁘다고 내동생 근처에 얼씬도 마 그럼 내가 시키는대로 해 그건 곤란해 동생 생각해 제발 동생 건들지마 내가 시키는거 오늘까지 해 생각해볼께요,"동생 이쁘던데
내동생
어찌알어
소문났어
이쁘다고
내동생 근처에 얼씬도 마
그럼 내가 시키는대로 해
그건 곤란해
동생 생각해
제발
동생 건들지마
내가 시키는거 오늘까지 해
생각해볼께요","[2, 4, 6, 10, 14, 16, 18, 21, 25]","[2, 3, 4, 5, 6, 10, 14, 16, 18, 19, 21, 25]"
9,협박 대화,"너 . 김디귿이랑 바람 폈냐 .?
 뭐 .? 무슨 말도 안 되는 소리야 .
 그럼 도대체 이건 다 뭔데 !!
 너가 그걸 어떻게 .
 똑바로 말해. 김디귿 이 새끼 도대체 누군데 !!!!!
 나도 잘 모르는 사람이야 . 진정해봐.
 당신 장모님께 다 말씀드릴거야. 이혼해
 절대 말하지마 말하면 나 뛰어내릴거야
 지금 뭐하는 짓이야 !
 말하기만 해 !!!!!!! 나 죽을거야 !!!!!!!!!!",너 김디귿이랑 바람 폈냐 뭐 무슨 말도 안 되는 소리야 그럼 도대체 이건 다 뭔데 너가 그걸 어떻게 똑바로 말해 김디귿 이 새끼 도대체 누군데 나도 잘 모르는 사람이야 진정해봐 당신 장모님께 다 말씀드릴거야 이혼해 절대 말하지마 말하면 나 뛰어내릴거야 지금 뭐하는 짓이야 말하기만 해 나 죽을거야,"너 김디귿이랑 바람 폈냐
뭐
무슨 말도 안 되는 소리야
그럼 도대체 이건 다 뭔데
너가 그걸 어떻게 똑바로 말해
김디귿
이 새끼
도대체 누군데
나도 잘 모르는 사람이야
진정해봐
당신 장모님께 다 말씀드릴거야
이혼해
절대 말하지마
말하면 나 뛰어내릴거야
지금 뭐하는 짓이야
말하기만 해
나 죽을거야","[4, 10, 15, 18, 25, 30, 35, 40, 43]","[4, 5, 10, 15, 20, 21, 23, 25, 29, 30, 34, 35, 37, 40, 43, 45]"
10,기타 괴롭힘 대화,"야 너가 그걸 할 수 있냐?
왜 나는 못할 것 같아?
퓻 너가? 너같은 바보새끼가 그걸?
.
너 꼴등이잖아
그걸 어떻게 알아?
왜 모르냨 딱 봐도 머리가 텅텅 비어보이는데
말 함부로 하지마
 걍 처음부터 시도하지마
하.",야 너가 그걸 할 수 있냐 왜 나는 못할 것 같아 퓻 너가 너같은 바보새끼가 그걸 너 꼴등이잖아 그걸 어떻게 알아 왜 모르냨 딱 봐도 머리가 텅텅 비어보이는데 말 함부로 하지마 걍 처음부터 시도하지마 하,"야 너가 그걸 할 수 있냐
왜
나는 못할 것 같아
퓻
너가
너같은 바보새끼가
그걸
너 꼴등이잖아
그걸 어떻게 알아
왜
모르냨
딱 봐도 머리가 텅텅 비어보이는데
말 함부로 하지마
걍 처음부터 시도하지마
하","[6, 11, 16, 16, 18, 21, 28, 31, 34]","[6, 7, 11, 12, 13, 15, 16, 18, 21, 22, 23, 28, 31, 34]"
11,기타 괴롭힘 대화,"야돼지
나.?
그래 여기 급식소에서 돼지가 너 빼고 더 있냐?
야 그 피자빵은 왜 들고가냐 안먹고
나.나중에 먹을려고
돼지새꺄 형이 다이어트시켜줄께
다이어트.?
그래임마 내놔 살빼야할거아니야
아.아니 그건.이리줘.
뭘 이리줘 살빼 새꺄 형이 잘먹을께",야돼지 나 그래 여기 급식소에서 돼지가 너 빼고 더 있냐 야 그 피자빵은 왜 들고가냐 안먹고 나나중에 먹을려고 돼지새꺄 형이 다이어트시켜줄께 다이어트 그래임마 내놔 살빼야할거아니야 아아니 그건이리줘 뭘 이리줘 살빼 새꺄 형이 잘먹을께,"야돼지
나
그래
여기 급식소에서 돼지가 너 빼고 더 있냐
야 그 피자빵은 왜 들고가냐
안먹고 나나중에 먹을려고
돼지새꺄
형이 다이어트시켜줄께
다이어트
그래임마 내놔 살빼야할거아니야
아아니
그건이리줘
뭘 이리줘
살빼
새꺄
형이 잘먹을께","[1, 2, 10, 16, 18, 21, 22, 25, 27]","[1, 2, 3, 10, 15, 18, 19, 21, 22, 25, 26, 27, 29, 30, 31]"
12,기타 괴롭힘 대화,"어머 도윤아 더 예뻐졌네?
진짜? 고마워 . !
뭐야 진짠줄 아는거야?
아. 아니었구나
참나 지가 이쁜줄아나봐 ? 꼴에
미안 .
얘 너 못생겼어 정도를 알아
.알아
알면 가만히있어
응.",어머 도윤아 더 예뻐졌네 진짜 고마워 뭐야 진짠줄 아는거야 아 아니었구나 참나 지가 이쁜줄아나봐 꼴에 미안 얘 너 못생겼어 정도를 알아 알아 알면 가만히있어 응,"어머 도윤아 더 예뻐졌네
진짜
고마워
뭐야
진짠줄 아는거야
아 아니었구나
참나
지가 이쁜줄아나봐
꼴에
미안
얘 너 못생겼어
정도를 알아
알아
알면 가만히있어
응","[4, 6, 9, 11, 15, 16, 21, 22, 24]","[4, 5, 6, 7, 9, 11, 12, 14, 15, 16, 19, 21, 22, 24]"
13,기타 괴롭힘 대화,"야 장애인새끼? 팔병신이 밖에 돌아다니면 안되지.
 뭐라고? 넌 대가리병신이냐?
 뭐래 이자식이? 팔다친주제에. 다른 팔도 부러뜨려줘?
 그만하고 그냥 가던 길 가세요.
 공부만 하면 뭐해. 팔이 하나 나갔는데. 이새끼는 나중에 딸도못쳐.
 나 왼손잡이거든?
 아 그러세요? 그러면 왼손도 아작내드려요?
 너 대가리부터 고치고 와라.
 적어도 너꺼보단 나아. 개병신아.
 경찰에 신고할거야.",야 장애인새끼 팔병신이 밖에 돌아다니면 안되지 뭐라고 넌 대가리병신이냐 뭐래 이자식이 팔다친주제에 다른 팔도 부러뜨려줘 그만하고 그냥 가던 길 가세요 공부만 하면 뭐해 팔이 하나 나갔는데 이새끼는 나중에 딸도못쳐 나 왼손잡이거든 아 그러세요 그러면 왼손도 아작내드려요 너 대가리부터 고치고 와라 적어도 너꺼보단 나아 개병신아 경찰에 신고할거야,"야 장애인새끼
팔병신이 밖에 돌아다니면 안되지
뭐라고
넌 대가리병신이냐
뭐래
이자식이 팔다친주제에 다른 팔도 부러뜨려줘
그만하고 그냥 가던 길 가세요
공부만 하면 뭐해
팔이 하나 나갔는데
이새끼는 나중에 딸도못쳐
나 왼손잡이거든
아 그러세요
그러면 왼손도 아작내드려요
너 대가리부터 고치고 와라
적어도 너꺼보단 나아
개병신아
경찰에 신고할거야","[6, 9, 15, 20, 29, 31, 36, 40, 44]","[2, 6, 7, 9, 10, 15, 20, 23, 26, 29, 31, 33, 36, 40, 43, 44]"
14,기타 괴롭힘 대화,"아 짜증나 너 혼자 부르냐?
뭐가 
아니 갑자기 노래방 따라와서 너 혼자만 부르잖아
니가 안하는거잖아
안 하는게 아니라 못 부르는거야 너 때문에
그럼 불러
아 기분나빠 너 그냥 가라
어이없네 야 솔직히 너 노래보다 내 노래가 더 듣기 좋잖아
뭐?
존나 노래도 이상하게 부르면서 돈 냈다고 생색내기는",아 짜증나 너 혼자 부르냐 뭐가 아니 갑자기 노래방 따라와서 너 혼자만 부르잖아 니가 안하는거잖아 안 하는게 아니라 못 부르는거야 너 때문에 그럼 불러 아 기분나빠 너 그냥 가라 어이없네 야 솔직히 너 노래보다 내 노래가 더 듣기 좋잖아 뭐 존나 노래도 이상하게 부르면서 돈 냈다고 생색내기는,"아 짜증나 너 혼자 부르냐
뭐가
아니
갑자기 노래방 따라와서 너 혼자만 부르잖아
니가 안하는거잖아
안 하는게 아니라 못 부르는거야
너 때문에
그럼 불러
아 기분나빠
너 그냥 가라
어이없네
야 솔직히 너 노래보다 내 노래가 더 듣기 좋잖아
뭐
존나 노래도 이상하게 부르면서 돈 냈다고 생색내기는","[5, 6, 13, 15, 22, 24, 29, 39, 40]","[5, 6, 7, 13, 15, 20, 22, 24, 26, 29, 30, 39, 40]"
15,직장 내 괴롭힘 대화,"하윤씨
네?
내일 급한거 없지? 평창으로 출장좀 다녀와야겠어
네 ?? 제가요?
어 왜?? 불만있어?
아니 그건 아닌데 평창으로 출장가는건 팀장님 업무 아닌가 해서요
그건 맞는데 내가 좀 바빠서 그래 같은 팀끼리 돕고 살아야지 도와줄거지?
아.
왜곤란해? 내가 하윤씨 다녀오면 업무라도 핑퐁 할까봐 그래?
아니 그건 아닌데
그렇게 하기 싫으면 냅두던가 근데 하윤씨 뒷감당 괜찮지? 나는 그렇게 속넓은 사람이 아니라서 말이야",하윤씨 네 내일 급한거 없지 평창으로 출장좀 다녀와야겠어 네 제가요 어 왜 불만있어 아니 그건 아닌데 평창으로 출장가는건 팀장님 업무 아닌가 해서요 그건 맞는데 내가 좀 바빠서 그래 같은 팀끼리 돕고 살아야지 도와줄거지 아 왜곤란해 내가 하윤씨 다녀오면 업무라도 핑퐁 할까봐 그래 아니 그건 아닌데 그렇게 하기 싫으면 냅두던가 근데 하윤씨 뒷감당 괜찮지 나는 그렇게 속넓은 사람이 아니라서 말이야,"하윤씨
네
내일 급한거 없지 평창으로 출장좀 다녀와야겠어
네 제가요
어 왜 불만있어
아니 그건 아닌데 평창으로 출장가는건 팀장님 업무 아닌가 해서요
그건 맞는데
내가 좀 바빠서 그래
같은 팀끼리 돕고 살아야지 도와줄거지
아 왜곤란해 내가 하윤씨 다녀오면 업무라도 핑퐁 할까봐 그래
아니 그건 아닌데
그렇게 하기 싫으면 냅두던가
근데 하윤씨 뒷감당 괜찮지
나는 그렇게 속넓은 사람이 아니라서 말이야","[1, 2, 8, 10, 13, 22, 33, 34, 42, 45]","[1, 2, 8, 10, 13, 22, 24, 28, 33, 42, 45, 49, 53]"
16,직장 내 괴롭힘 대화,"김대리 이걸 보고서라고 한 거야?
다시 해오겠습니다. 죄송합니다.
아니 죄송한 줄 알면 죄송한 짓은 왜 하지?
제가 노력이 부족했습니다.
아니 너 서울 명문대 나왔잖아 학교에서 뭐 배웠니? 나때는 말이야 대리일때 날라다녔어
부장님 김대리 어제 밤샜다고 합니다.
빨리 수정하겠습니다.
이런 말 내가 너 아껴서 하는 거 다 알지?
부장님 감사합니다.
우리 아들 이번에 취업 준비하는데 자소서 좀 봐줄 수 있나?
제가 최선을 다해 아드님꺼 대신 수정하겠습니다.",김대리 이걸 보고서라고 한 거야 다시 해오겠습니다 죄송합니다 아니 죄송한 줄 알면 죄송한 짓은 왜 하지 제가 노력이 부족했습니다 아니 너 서울 명문대 나왔잖아 학교에서 뭐 배웠니 나때는 말이야 대리일때 날라다녔어 부장님 김대리 어제 밤샜다고 합니다 빨리 수정하겠습니다 이런 말 내가 너 아껴서 하는 거 다 알지 부장님 감사합니다 우리 아들 이번에 취업 준비하는데 자소서 좀 봐줄 수 있나 제가 최선을 다해 아드님꺼 대신 수정하겠습니다,"김대리 이걸 보고서라고 한 거야
다시 해오겠습니다
죄송합니다
아니 죄송한 줄 알면
죄송한 짓은 왜 하지
제가 노력이 부족했습니다
아니 너 서울 명문대 나왔잖아 학교에서 뭐 배웠니 나때는 말이야 대리일때 날라다녔어
부장님
김대리 어제 밤샜다고 합니다
빨리 수정하겠습니다
이런 말 내가 너 아껴서 하는 거 다 알지
부장님 감사합니다
우리 아들 이번에 취업 준비하는데 자소서 좀 봐줄 수 있나
제가 최선을 다해
아드님꺼 대신 수정하겠습니다","[5, 8, 16, 19, 31, 36, 38, 47, 49, 59]","[5, 7, 8, 12, 16, 19, 31, 32, 36, 38, 47, 49, 59, 62]"
17,직장 내 괴롭힘 대화,"희정씨
네??
치마가 왜 이렇게 짧아?
네??
여기가 일하러 오는데지 클럽아니잖아
별로 안짧은데 무릎아래로오는데요
그거 기준은 누가정하는거야? 희정씨가 정하는거야??
네.?
윗사람이 짧다하면 아 죄송합니다 다시는 안입겠습니다하면되지 그렇게 어려운가?
네.",희정씨 네 치마가 왜 이렇게 짧아 네 여기가 일하러 오는데지 클럽아니잖아 별로 안짧은데 무릎아래로오는데요 그거 기준은 누가정하는거야 희정씨가 정하는거야 네 윗사람이 짧다하면 아 죄송합니다 다시는 안입겠습니다하면되지 그렇게 어려운가 네,"희정씨
네
치마가 왜 이렇게 짧아
네
여기가 일하러 오는데지 클럽아니잖아
별로 안짧은데
무릎아래로오는데요
그거 기준은 누가정하는거야
희정씨가 정하는거야
네
윗사람이 짧다하면
아 죄송합니다
다시는 안입겠습니다하면되지
그렇게 어려운가
네","[1, 2, 6, 7, 11, 14, 19, 20, 28]","[1, 2, 6, 7, 11, 13, 14, 17, 19, 20, 22, 24, 26, 28]"
18,직장 내 괴롭힘 대화,"수진씨 수진씨가 무엇을 잘 못한지 아나요?
 네? 제가 주임님 말씀을 거절하긴 했는데 회사 밖의 일입니다.
근데 왜 클레이이 들어오지? 평소에도 일 못하는거 아니야?
네? 그러진 않습니다. 최선을 다해 일하고 있습니다.
그런데 왜 그러지 수진씨는 3개월 감봉해야할 것 같아.
네? 갑자기 그러시는게 어디있습니까?
수진씨가 규칙을 어겼다는 제보가 쏟아져 나오고 있어. 이게 기사화라도 되면 우리 기업 이미지 생각안하나
아니요. 저는 정말 그런 적 없습니다.
있으면 있는거야 3개월 감봉이면 약한거야 감사히 생각해.
이건 너무 부당합니다.",수진씨 수진씨가 무엇을 잘 못한지 아나요 네 제가 주임님 말씀을 거절하긴 했는데 회사 밖의 일입니다 근데 왜 클레이이 들어오지 평소에도 일 못하는거 아니야 네 그러진 않습니다 최선을 다해 일하고 있습니다 그런데 왜 그러지 수진씨는 3개월 감봉해야할 것 같아 네 갑자기 그러시는게 어디있습니까 수진씨가 규칙을 어겼다는 제보가 쏟아져 나오고 있어 이게 기사화라도 되면 우리 기업 이미지 생각안하나 아니요 저는 정말 그런 적 없습니다 있으면 있는거야 3개월 감봉이면 약한거야 감사히 생각해 이건 너무 부당합니다,"수진씨 수진씨가 무엇을 잘 못한지 아나요
네 제가 주임님 말씀을 거절하긴 했는데 회사 밖의 일입니다
근데 왜 클레이이 들어오지
평소에도 일 못하는거 아니야
네 그러진 않습니다
최선을 다해 일하고 있습니다
그런데 왜 그러지
수진씨는 3개월 감봉해야할 것 같아
네
갑자기 그러시는게 어디있습니까
수진씨가 규칙을 어겼다는 제보가 쏟아져 나오고 있어
이게 기사화라도 되면 우리 기업 이미지 생각안하나
아니요 저는 정말 그런 적 없습니다
있으면 있는거야 3개월 감봉이면 약한거야 감사히 생각해
이건 너무 부당합니다","[6, 15, 23, 30, 38, 42, 56, 62, 69]","[6, 15, 19, 23, 26, 30, 33, 38, 39, 42, 49, 56, 62, 69]"
19,직장 내 괴롭힘 대화,"여기 또 재떨이 날아다녀야 정신 차릴 인간 있구만
죄송합니다
으이구 꼴도 보기 싫어
말씀 주시면 다시 해보겠습니다
다시 한다고 제대로 하겠어? 허구헌날 알려달라고만 하고
죄송합니다
머리는 폼으로 달고 다니냐?
이번엔 잘 해보겠습니다 
시키는 이상을 해야지! 옆 부서 김대리한테 좀 봐봐! 잘하잖아
기대에 어긋나지 않게 노력해 보겠습니다",여기 또 재떨이 날아다녀야 정신 차릴 인간 있구만 죄송합니다 으이구 꼴도 보기 싫어 말씀 주시면 다시 해보겠습니다 다시 한다고 제대로 하겠어 허구헌날 알려달라고만 하고 죄송합니다 머리는 폼으로 달고 다니냐 이번엔 잘 해보겠습니다 시키는 이상을 해야지 옆 부서 김대리한테 좀 봐봐 잘하잖아 기대에 어긋나지 않게 노력해 보겠습니다,"여기 또 재떨이 날아다녀야 정신 차릴 인간 있구만
죄송합니다
으이구 꼴도 보기 싫어
말씀 주시면 다시 해보겠습니다
다시 한다고
제대로 하겠어
허구헌날 알려달라고만 하고
죄송합니다
머리는 폼으로 달고 다니냐
이번엔 잘 해보겠습니다
시키는 이상을 해야지 옆 부서 김대리한테 좀 봐봐 잘하잖아
기대에 어긋나지 않게
노력해 보겠습니다","[8, 9, 13, 17, 24, 25, 29, 32, 41]","[8, 9, 13, 17, 19, 21, 24, 25, 29, 32, 41, 44]"
20,일반 대화,인터넷 쇼핑몰 장바구니에만 벌써 20개 넘게 담겨있어 결제 버튼 누를 용기가 안 나네 그 마음 알지 나도 매일 구경만 하고 결제는 못 해 근데 꼭 필요한 건 사야지,인터넷 쇼핑몰 장바구니에만 벌써 20개 넘게 담겨있어 결제 버튼 누를 용기가 안 나네 그 마음 알지 나도 매일 구경만 하고 결제는 못 해 근데 꼭 필요한 건 사야지,"인터넷 쇼핑몰 장바구니에만 벌써 20개 넘게 담겨있어
결제 버튼 누를 용기가 안 나네
그 마음 알지
나도 매일 구경만 하고 결제는 못 해
근데 꼭 필요한 건 사야지",[],"[7, 13, 16, 23]"
21,일반 대화,배그 보급 상자 진짜 떨어졌다 저거 먹으러 갈래 야 뭐 저기 사람 위험하지 않을까 그래도 에이더블유엠 엄청 몰릴 텐데 아니 나오면 무조건 음 이기는데 한 번 질러보자 그래 근데 죽어도 고다 에이 차 타고 가보자 화이팅,배그 보급 상자 진짜 떨어졌다 저거 먹으러 갈래 야 뭐 저기 사람 위험하지 않을까 그래도 에이더블유엠 엄청 몰릴 텐데 아니 나오면 무조건 음 이기는데 한 번 질러보자 그래 근데 죽어도 고다 에이 차 타고 가보자 화이팅,"배그 보급 상자 진짜 떨어졌다
저거 먹으러 갈래
야
뭐
저기 사람 위험하지 않을까
그래도
에이더블유엠 엄청 몰릴 텐데
아니
나오면 무조건
음 이기는데
한 번 질러보자
그래
근데 죽어도
고다
에이
차 타고 가보자
화이팅",[],"[5, 8, 9, 10, 14, 15, 19, 20, 22, 24, 27, 28, 30, 31, 32, 35]"
22,일반 대화,너 아까 본 그 원피스 걘 진짜 소화 못 듯 야 말이 심하다 하더라 몸매가 안 받쳐주는 근데 솔직히 좀 안 어울리긴 했어 그치 디자인은 예쁜데 좀 안 사람을 타는 옷인 것 같아 우리는 잘 어울릴 것 같은데,너 아까 본 그 원피스 걘 진짜 소화 못 듯 야 말이 심하다 하더라 몸매가 안 받쳐주는 근데 솔직히 좀 안 어울리긴 했어 그치 디자인은 예쁜데 좀 안 사람을 타는 옷인 것 같아 우리는 잘 어울릴 것 같은데,"너 아까 본 그 원피스 걘
진짜 소화 못 듯
야
말이 심하다 하더라
몸매가 안 받쳐주는
근데
솔직히 좀 안 어울리긴 했어
그치
디자인은 예쁜데 좀 안 사람을 타는 옷인 것 같아
우리는 잘 어울릴 것 같은데",[],"[6, 10, 11, 14, 17, 18, 23, 24, 33]"
23,일반 대화,나 어제 곽튜브 영상 봤는데 좀 진짜 여행 가고 뭐 아 진짜 싶더라 러시아 아 진짜 막 보고 비행기 표 알아봤잖아 편 대박이지 나도 그거 가서 먹는 음식들도 신기하고 사람들도 정 넘치는 게 뭐 보기 좋더라 나도 구독함,나 어제 곽튜브 영상 봤는데 좀 진짜 여행 가고 뭐 아 진짜 싶더라 러시아 아 진짜 막 보고 비행기 표 알아봤잖아 편 대박이지 나도 그거 가서 먹는 음식들도 신기하고 사람들도 정 넘치는 게 뭐 보기 좋더라 나도 구독함,"나 어제 곽튜브 영상 봤는데 좀 진짜 여행 가고
뭐
아 진짜 싶더라
러시아
아 진짜 막 보고 비행기 표 알아봤잖아
편
대박이지
나도
그거 가서 먹는 음식들도 신기하고 사람들도 정 넘치는 게
뭐
보기 좋더라
나도 구독함",[],"[9, 10, 13, 14, 21, 22, 23, 24, 33, 34, 36]"
24,일반 대화,아침부터 걍 회의하느라 고생 많으셨어요 아유 기운이 진짜 바람 좀 쐬러 나갈까요 다 빠지네요 우리 잠깐 좋죠 편의점 어 가서 시원한 음료수라도 하나 음 마셔요 제가 쏠게요 고맙습니다 역시 대리님밖에 오 대박 없어요,아침부터 걍 회의하느라 고생 많으셨어요 아유 기운이 진짜 바람 좀 쐬러 나갈까요 다 빠지네요 우리 잠깐 좋죠 편의점 어 가서 시원한 음료수라도 하나 음 마셔요 제가 쏠게요 고맙습니다 역시 대리님밖에 오 대박 없어요,"아침부터 걍 회의하느라 고생 많으셨어요
아유 기운이 진짜 바람 좀
쐬러
나갈까요
다 빠지네요
우리 잠깐
좋죠
편의점
어
가서 시원한 음료수라도 하나
음
마셔요
제가 쏠게요
고맙습니다
역시 대리님밖에
오 대박 없어요",[],"[5, 10, 11, 12, 14, 16, 17, 18, 19, 23, 24, 25, 27, 28, 30]"
