idx,class,conversation
h_000,일반 대화,"팀장님 오늘 점심 뭐 드실 거예요? 저번에 갔던 그 순두부집이 맛있었는데
순두부집 좋지 거기 김치찌개도 괜찮았어 같이 가자
오 좋아요! 저도 거기 또 가고 싶었어요 ㅎㅎ 다른 팀원들한테도 물어볼까요?
그래 다 같이 가면 좋지 12시에 로비에서 만나자"
h_001,일반 대화,"과장님 이번 프로젝트 발표 자료 최종본 다 만들었습니다 확인 부탁드려요
오 벌써 다 만들었어? 빠르네 수고했어 한번 같이 검토해볼까?
네! 피드백 주시면 바로 수정하겠습니다 회의실 3층 소회의실 비어있어요
좋아 거기서 보자 커피 한잔 하면서 천천히 보자고"
h_002,일반 대화,"아직도 야근하는 거야? 무리하지 마 건강이 먼저야
아 네 부장님 감사합니다 보고서 마무리만 하면 갈 수 있어요
내일 오전까지 하면 되는 거면 굳이 오늘 밤새울 필요 없어 집에 가서 쉬어
정말요? 감사합니다 부장님 그럼 나머지는 내일 아침 일찍 와서 마무리하겠습니다"
h_003,일반 대화,"오늘 오후 회의 시간 변경됐다는 거 봤어? 3시에서 4시로 바뀌었대
아 진짜요? 공지 못 봤는데 알려줘서 고마워 준비할 시간 좀 생겼다
응 팀장님이 아까 메신저로 공지하셨어 나도 방금 봤어
오케이 그럼 4시까지 자료 좀 더 보강해야겠다 고마워 진짜"
h_004,일반 대화,"신입사원 김민수 씨 요즘 회사 적응은 잘 되고 있어요? 힘든 거 없어?
네 과장님 선배들이 진짜 많이 도와주셔서 잘 적응하고 있습니다 ㅎㅎ
다행이다 모르는 거 있으면 언제든지 편하게 물어봐 부담 갖지 말고
감사합니다 과장님! 아직 배울 게 많지만 열심히 하겠습니다"
h_005,일반 대화,"오늘 저녁에 팀 회식 있는 거 알지? 참석 가능해?
네 팀장님 저는 가능합니다! 어디로 가는 거예요? 메뉴가 뭐예요?
삼겹살집 어때? 회사 앞에 새로 오픈한 데 있는데 분위기 좋다더라
삼겹살 완전 좋아요 ㅋㅋ 기대됩니다 몇 시에 출발해요?"
h_006,일반 대화,"이번 분기 우리 팀 실적 꽤 잘 나왔다며? 진짜 대단하다
네 팀장님 팀원들 다 열심히 해줘서 좋은 결과가 나온 것 같아요
다음 달에 전사 포상이 있을 거야 우리 팀도 대상에 들어갈 수 있어 기대해
와 정말요? 다들 좋아하겠다 이번 성과를 바탕으로 다음 분기도 잘 해보겠습니다"
h_007,일반 대화,"과장님 내일 개인 사정이 있어서 연차 쓰려고 하는데 괜찮을까요?
내일 특별한 팀 일정 없으니까 편하게 쓰고 와 별일 있는 거야?
아뇨 그냥 집안일이 좀 있어서요 감사합니다 다녀와서 열심히 하겠습니다
그래 푹 쉬고 와 긴급한 거 있으면 내가 처리해놓을게 걱정하지 마"
h_008,일반 대화,"점심시간에 산책 겸 커피 한잔 할까요 부장님? 날씨가 좋아서요
좋지 회사 뒤쪽에 새로 생긴 카페 가봤어? 인테리어가 예쁘다던데
아 거기요? 아직 안 가봤는데 리뷰가 좋더라고요 라떼가 맛있다고
그럼 거기 가보자 나도 궁금했어 바리스타가 유명한 사람이래"
h_009,일반 대화,"다음 주 발표 준비 어떻게 돼가? 도움 필요하면 말해
거의 다 됐습니다 마지막 슬라이드 디자인만 조금 손보면 될 것 같아요
좋아 혹시 리허설 한번 해볼래? 내가 피드백 줄 수 있으니까
네 감사합니다 팀장님 그러면 수요일 오후에 시간 되실까요?"
h_010,일반 대화,"이번 팀 워크숍 장소 어디가 좋을까? 의견 좀 내봐
가평 펜션 어떨까요? 서울에서 가깝고 자연 좋고 바비큐 시설도 있어요
오 좋은데 단체로 예약하면 할인 받을 수 있을 것 같은데
맞아요 20명 이상 단체 예약하면 20퍼센트 할인이래요 제가 알아볼게요"
h_011,일반 대화,"야 오늘 사무실 에어컨 왜 이렇게 추워 나만 그런 거 아니지?
그러게 ㅋㅋ 나도 반팔 입고 왔는데 후회 중이야 겉옷 가져올걸
총무팀에 온도 조절 좀 해달라고 말해볼까? 다른 사람들도 춥다고 하더라
응 내가 총무팀 이과장님한테 얘기해볼게 적정 온도로 좀 맞춰달라고"
h_012,일반 대화,"부장님 출장 잘 다녀오세요 필요한 거 있으시면 말씀해주세요
고마워 3일이면 돌아올 거야 그동안 보고서 건은 네가 좀 봐줘
네 걱정 마세요 제가 잘 처리해놓겠습니다 자료도 정리해둘게요
믿을게 그리고 거래처 김부장님 전화 오면 내가 목요일에 연락드린다고 전해줘"
h_013,일반 대화,"팀장님 아까 거래처에서 메일 회신 왔는데 확인하셨어요? 좀 급한 것 같아서요
아 아직 못 봤어 지금 바로 확인할게 미리 알려줘서 고마워
네 거래처 측에서 이번 주 내로 답변을 원하시는 것 같아요
알겠어 오늘 중으로 검토하고 답변 보낼게 혹시 관련 자료 좀 정리해줄 수 있어?"
h_014,일반 대화,"오늘 할 일 다 끝났으면 야근하지 말고 칼퇴해도 돼 무리하지 마
진짜요 과장님? 오랜만에 칼퇴라니 감격이에요 ㅋㅋ
요즘 많이 고생했잖아 오늘은 좀 쉬어 집에 가서 좋아하는 거 해
감사합니다 과장님 내일 더 열심히 하겠습니다 좋은 저녁 보내세요!"
h_015,일반 대화,"과장님 어제 보내드린 보고서 검토 피드백 부탁드려요
잘 읽었어 전체적으로 잘 썼더라 몇 군데 표현만 좀 다듬으면 완벽할 거야
알겠습니다 표시해주신 부분 바로 수정하겠습니다 오늘 중으로 가능할까요?
응 오늘 중으로 수정해서 부장님께 올리면 돼 급하지 않으니까 천천히 해"
h_016,일반 대화,"회사 근처 새로 생긴 카레집 가봤어? 어제 점심에 갔는데 대박이더라
아니 아직 못 가봤는데 맛있어? 후기 좀 알려줘
카레 소스가 진짜 깊은 맛이야 양도 푸짐하고 가성비 최고 점심 메뉴 추천
오 그럼 내일 점심에 같이 가자 다른 사람들도 데리고 가면 좋겠다"
h_017,일반 대화,"이번 달 팀 회식 날짜 잡아야 하는데 다들 언제가 좋아? 의견 좀 내봐
저는 다음 주 금요일 저녁이 좋을 것 같아요 금요일이면 다들 부담 없잖아요
좋아 금요일로 하자 장소는 내가 맛집 좀 알아볼게 메뉴 선호도 있어?
저는 아무거나 좋아요 팀장님이 고르시는 곳은 항상 맛있어요 ㅎㅎ"
h_018,일반 대화,"민수 씨 입사한 지 한 달밖에 안 됐는데 업무 파악이 빠르네 인상적이야
감사합니다 과장님 선배들이 잘 알려주셔서요 아직 배울 게 정말 많아요
겸손하기까지 ㅎㅎ 이런 자세면 금방 성장할 거야 앞으로도 잘 부탁해
저야말로 잘 부탁드립니다 열심히 해서 팀에 도움이 되겠습니다!"
h_019,일반 대화,"다음 주 월요일 전체 회의 안건 정리 좀 부탁할 수 있을까? 네가 해주면 좋겠는데
네 팀장님 이번 주 금요일까지 정리해서 메일로 보내드릴게요
고마워 참고로 이번에는 마케팅팀하고 디자인팀도 같이 참석한대
아 그러면 공동 프로젝트 관련 자료도 추가로 준비하겠습니다"
h_020,일반 대화,"추석 전에 거래처 선물 보내야 하는데 올해는 뭐가 좋을까요 부장님?
과일세트 어때? 작년에 보냈을 때 반응 되게 좋았잖아 다들 좋아하셨어
맞아요 그럼 올해도 과일세트로 정하고 총무팀에 수량 확인해볼게요
응 그렇게 해줘 예산 범위 내에서 좋은 걸로 골라 무난한 게 제일이야"
h_021,일반 대화,"팀장님 커피 타왔습니다 아메리카노 맞으시죠?
오 고마워 따뜻한 거 맞지? 설탕은 넣었어?
네 한 스푼 넣었어요 ㅎㅎ 팀장님 취향대로 맞췄습니다
완벽하네 딱 내 스타일이야 고마워 덕분에 오후에 힘내서 일할 수 있겠다"
h_022,일반 대화,"과장님 오늘 재택근무 가능할까요? 오전에 택배 받을 게 좀 있어서요
응 오늘 특별한 미팅이나 오프라인 일정 없으면 재택 해도 돼
감사합니다 메신저랑 이메일은 바로바로 확인하겠습니다
그래 집에서도 화이팅 해 필요하면 화상회의 걸어줄게"
h_023,일반 대화,"야 우리 부서 사람들끼리 축구 동호회 만들어볼까? 운동 좀 하고 싶은데
오 좋다 나도 요즘 운동 부족해서 걱정이었는데 딱 좋겠다
매주 토요일 아침에 근처 풋살장에서 한번 하면 어떨까?
좋아좋아 다른 팀원들한테도 물어보고 관심 있는 사람 모아보자"
h_024,일반 대화,"이번 인사이동 때 우리 팀은 변동 없다고 인사팀에서 공지 나왔어
다행이다 솔직히 팀워크가 이렇게 좋은데 사람이 바뀌면 아쉬울 뻔했어
맞아 우리 팀 분위기 진짜 좋잖아 회사에서도 인정해주는 것 같아
그러게 이 멤버 그대로 계속 가면서 좋은 성과 내면 좋겠다"
h_025,일반 대화,"과장님 3층 프린터 종이 다 떨어졌는데 비품 요청 어떻게 해요?
아 그래? 총무팀 시스템으로 신청하면 돼 내가 해놓을게
감사합니다 급한 인쇄물은 옆 부서 프린터 잠깐 쓸게요
응 그래 2시간이면 총무팀에서 가져다줄 거야 잠깐만 기다려"
h_026,일반 대화,"팀장님 오늘 생신이라고 들었어요 진심으로 축하드립니다!
어 고마워 ㅎㅎ 누가 알려줬어? 조용히 넘어가려고 했는데
인사팀에서 생일자 목록 공유해줘서요 ㅎㅎ 팀원들이 케이크 사왔어요
아이고 고마워라 이런 거까지 준비해줘서 감동이다 다 같이 먹자"
h_027,일반 대화,"회사에서 직무 교육비 연간 50만원까지 지원해준다는 공지 봤어?
오 진짜요? 데이터 분석 온라인 강의 들으려고 했는데 딱 좋겠다
좋은 생각이야 신청서 작성해서 나한테 제출하면 결재 올려줄게
감사합니다 팀장님! 배워서 업무에 바로 적용하겠습니다"
h_028,일반 대화,"이번 주 야근 많이 했으니까 금요일은 좀 일찍 퇴근해 충분히 쉬어야 해
와 부장님 감사합니다 ㅠㅠ 이번 주 진짜 힘들었거든요
나도 알아 고생 많았어 주말에 푹 쉬고 재충전해서 다음 주에 보자
네 정말 감사합니다 좋은 주말 보내시고 다음 주도 잘 부탁드립니다"
h_029,일반 대화,"다음 프로젝트 기획서 같이 써볼까? 네 아이디어를 반영하고 싶어서
네 과장님 같이 작업하면 제가 많이 배울 수 있을 것 같아요 영광입니다
좋아 내일 오전에 미팅룸 잡아놨으니까 아이디어 정리해와
알겠습니다 오늘 밤에 초안 좀 생각해보겠습니다!"
h_030,일반 대화,"주간 전체 회의를 격주로 바꾸는 건 어떨까? 효율성 측면에서 고민이야
저는 찬성이에요 매주 하면 준비 시간도 많이 들고 내용이 겹치기도 하고요
맞아 급한 안건은 수시 미팅으로 하면 되니까 격주가 나을 것 같아
그럼 다수결로 결정하자 다음 팀미팅에서 안건으로 올릴게"
h_031,일반 대화,"부장님 이번 승진 진심으로 축하드립니다! 정말 잘 어울리세요
고마워 앞으로도 우리 팀 잘 이끌어가자 다들 덕분이야
저희야말로 항상 많이 배웁니다 부장님 밑에서 일할 수 있어서 좋아요
그런 말 해주니 정말 고맙다 앞으로 더 좋은 팀 만들어보자"
h_032,일반 대화,"팀장님 이번 프로젝트 마감일이 좀 빠듯한데 일주일 정도 연장 가능할까요?
일주일이면 충분해? 퀄리티 떨어뜨리면서 할 필요 없으니까 솔직하게 말해
네 일주일이면 완성도 높은 결과물 낼 수 있습니다
알겠어 고객사한테 내가 직접 사정 설명하고 조율해볼게 걱정 마"
h_033,일반 대화,"사무실 자리 배치 새로 한다는데 어디 앉고 싶어? 희망 자리 조사 중이야
창가 쪽이면 좋겠어요 ㅎㅎ 자연광 들어오면 일할 맛 나잖아요
ㅋㅋ 다들 창가 원하더라 경쟁이 치열해서 추첨해야 할 것 같아
공평하게 추첨이 제일 좋겠네요 결과에 승복하겠습니다 ㅎㅎ"
h_034,일반 대화,"퇴근하고 볼링 치러 갈 사람 있어? 오랜만에 운동 좀 하고 싶은데
저요! 진짜 오랜만에 볼링 치고 싶었어요 ㅋㅋ 바로 가능합니다
나도 갈게 스트레스 좀 풀어야 해 회사 앞 볼링장으로 가자
좋아 7시쯤 출발하면 딱 좋겠다 다른 사람들도 더 불러보자"
h_035,일반 대화,"과장님 저 내일 면접관으로 참여하는데 면접 진행 팁 좀 부탁드려요
지원자 긴장 풀어주는 게 먼저야 편안한 분위기 만들어주고 경험 위주로 물어봐
감사합니다 면접 처음이라 떨리네요 ㅎㅎ
잘할 수 있어 네가 자연스럽게 대화하듯 하면 지원자도 편해할 거야 화이팅!"
h_036,일반 대화,"팀장님 내일 거래처 방문 미팅 시간이랑 장소 다시 확인해도 될까요?
내일 오후 2시에 을지로 본사 5층 회의실이야 주소 보내줄까?
알겠습니다 발표 자료랑 샘플 다 준비해놨어요 출발 시간은요?
1시에 출발하면 넉넉하지 같이 택시 타고 가자"
h_037,일반 대화,"회사 동아리 가입했어? 나 이번에 요리 동아리 들어갔는데 재밌어
오 진짜? 나는 독서 동아리 가입했어 한 달에 한 권 읽는 건데 ㅎㅎ
좋다 다음에 내가 요리한 거 점심에 가져다줄게 맛 좀 봐줘
기대된다 ㅋㅋ 나도 좋은 책 읽으면 추천해줄게"
h_038,일반 대화,"오늘 발표 회의 진짜 잘 끝났다 다들 수고 많았어 결과물이 좋았어
팀장님이 방향 잘 잡아주셔서 수월했어요 피드백도 좋았고
아냐 다들 각자 맡은 파트 준비를 철저하게 해온 덕분이지 자랑스럽다
이런 팀워크면 다음 프로젝트도 자신감 가지고 해볼 수 있겠어요"
h_039,일반 대화,"야 회사 구내식당 오늘부터 메뉴 대폭 바뀌었대 새 메뉴 추가됐다던데
진짜? 뭐가 새로 생겼는데? 맨날 같은 메뉴만 먹어서 지겨웠거든
해물찜이랑 매콤 제육볶음이 추가됐대 디저트 코너도 생겼다더라
오 해물찜 먹어봐야겠다 ㅋㅋ 오늘 점심 구내식당에서 먹자"
h_040,일반 대화,"부장님 연말 성과 면담 일정 잡아야 하는데 다음 주 중에 시간 되실까요?
그래 다음 주 중으로 하자 네가 편한 날 말해봐
화요일 오전 10시 어떠세요? 회의실 예약해놓겠습니다
좋아 그때 보자 올해 잘한 점이랑 내년 계획도 같이 얘기하자"
h_041,일반 대화,"팀장님 지난 주에 다녀오신 리더십 교육 후기 좀 공유해주실 수 있어요?
물론이지 내일 팀미팅 시간에 핵심 내용 정리해서 발표할게
감사합니다 저도 그 교육 다음 분기에 신청하려고 했거든요
좋은 내용 많았어 특히 커뮤니케이션 부분이 인상 깊었어 기대해"
h_042,일반 대화,"과장님 출퇴근 어떻게 하세요? 지하철 타세요 아니면 버스요?
나는 2호선 타고 다녀 환승 한 번이라 50분 정도 걸려 너는 어떻게 와?
저는 버스로 오는데 요즘 출근 시간에 너무 막혀서 1시간 넘게 걸려요
자전거 출퇴근도 고려해봐 건강에도 좋고 교통비도 아끼고 좋아"
h_043,일반 대화,"점심 밖에서 먹을까 구내식당 갈까? 오늘 뭐가 땡겨?
오늘 날씨도 좋은데 밖에서 먹자 산책도 할 겸 좋잖아
좋아 뭐 먹고 싶어? 한식 양식 다 괜찮은데
냉면 어때? 요즘 더우니까 시원한 거 먹으면 딱이야 맛집 알아"
h_044,일반 대화,"이번 프로젝트 성공적으로 마무리됐네요 6개월간 고생 많았어요 다들
정말 수고 많았어 각자 역할을 완벽하게 해줘서 좋은 결과가 나왔어
다음 프로젝트도 이 팀으로 같이 하고 싶습니다 호흡이 정말 잘 맞아요
나도 그렇게 생각해 상반기 우수 팀 후보에 올라갈 수도 있어 기대하자"
h_045,일반 대화,"회사 1층에 카페가 새로 생겼대 출근길에 봤는데 인테리어 예쁘더라
진짜? 메뉴 가격은 어때? 회사 건물 카페니까 비싸지 않으려나
아메리카노가 2천원이래 근처 카페보다 훨씬 싸더라
오 가성비 좋다 내일 출근하면서 한잔 해봐야겠다 같이 가자"
h_046,일반 대화,"팀장님 보고서 양식이 바뀐 건가요? 이전 양식으로 작성했는데 맞는지 모르겠어서요
아 맞다 총무팀에서 이번 주부터 새 양식으로 통일했어 미리 공유 못해서 미안
알겠습니다 새 양식 다운받아서 다시 작성할게요 큰 변경은 아니죠?
응 레이아웃만 좀 바뀐 거야 내용은 그대로 옮기면 돼 금방이야"
h_047,일반 대화,"과장님 이번 달 팀 회식 장소 추천 좀 해주세요 제가 예약 담당이에요
회사 근처 족발집 어때? 가성비 좋고 양도 많아서 회식 장소로 딱이야
족발 좋아요! 사이드 메뉴도 다양하다던데 다들 좋아하겠어요
그럼 내가 사장님한테 연락해볼게 단체 예약하면 서비스도 나올 거야"
h_048,일반 대화,"야근 간식으로 뭐 먹을까? 배고프다 저녁도 거른 것 같은데
치킨 시킬까? ㅋㅋ 야근할 때는 역시 치킨이지 무슨 맛이 좋아?
양념 반 후라이드 반으로 시키자 음료수도 같이 주문하고
좋아 배달앱으로 지금 주문할게 30분이면 온대 조금만 참자"
h_049,일반 대화,"부장님 해외 출장 얼마나 다녀오시는 거예요? 출장 기간 동안 업무 지시 사항 있으시면
일주일 정도 갈 거야 그동안 주간 보고는 네가 맡아줘 다른 건 평소대로 하면 돼
네 걱정 마세요 제가 잘 처리해놓겠습니다 긴급 사항은 메신저로 보고드릴게요
고마워 믿고 맡기는 거야 어려운 건 있으면 바로 연락해"
h_050,일반 대화,"팀 이름 새로 정하자는 의견이 나왔는데 다들 아이디어 좀 내봐
오 재밌겠다 뭔가 우리 팀 성격을 잘 보여주는 이름이면 좋겠어요
각자 후보 하나씩 내고 투표하자 센스 있는 이름으로 부탁해
좋아요 ㅋㅋ 내일까지 생각해올게요 슬로건도 같이 만들면 어때요?"
h_051,일반 대화,"과장님 이 업무 제가 직접 맡아서 해봐도 될까요? 관심 있는 분야라서요
그래 관심 있으면 도전해봐 처음이니까 모르는 건 언제든 물어보고
감사합니다 진짜 배우고 싶었던 분야예요 열심히 하겠습니다
그 열정이면 잘할 거야 진행하면서 주간으로 상황 공유해줘 응원할게"
h_052,일반 대화,"팀장님 탕비실 커피머신 캡슐 종류가 다 떨어졌어요 주문 부탁드려도 될까요
아 그래? 총무팀에 비품 신청서 넣을게 어떤 맛이 인기 있었어?
아메리카노랑 바닐라가 제일 빨리 없어지더라고요 ㅎㅎ
ㅋㅋ 그럼 그 두 개 위주로 넉넉하게 주문해놓을게 감사해 알려줘서"
h_053,일반 대화,"과장님 죄송한데 오늘 아이가 아파서 조기 퇴근 좀 해도 될까요? 병원 가야 해서요
당연하지 아이가 우선이야 지금 바로 가봐 남은 업무는 내가 처리할게
정말 감사합니다 과장님 내일 일찍 출근해서 밀린 거 다 하겠습니다
괜찮아 아이 빨리 낫길 바란다 무리하지 말고"
h_054,일반 대화,"회사에서 올해 건강검진 무료로 지원해준다는 공지 봤어? 이번 달까지 신청이래
맞아 나도 봤어 작년에는 못 했는데 올해는 꼭 해야겠다
좋다 어느 병원으로 가면 되는지 알아? 선택할 수 있대
인사팀 공지에 제휴 병원 목록 있어 거기서 골라서 예약하면 돼"
h_055,일반 대화,"이번에 우리 부서 봉사활동 참가할 사람 있어? 인원 확인 중이야
저 참가할게요 어떤 봉사활동이에요? 주말인 거 맞죠?
다음 주 토요일에 양로원 방문이야 어르신들이랑 시간 보내는 거래
좋아요 의미 있는 활동이네요 다른 팀원들한테도 알려볼게요"
h_056,일반 대화,"팀장님 오늘 거래처 프레젠테이션 정말 완벽하셨어요 자료도 깔끔하고
그래? 고마워 ㅎㅎ 사실 꽤 많이 떨렸는데 티 안 났나 보다
전혀 안 떨리시는 것 같았어요 프로 중의 프로세요 저도 저렇게 하고 싶어요
연습 많이 한 덕분이야 너도 경험 쌓이면 자연스러워질 거야 화이팅"
h_057,일반 대화,"다들 모여봐 새로 합류하신 분 소개할게 마케팅팀에서 전배 오신 이지현 대리야
안녕하세요 이지현입니다 우리 팀에서 함께 일하게 되어 반갑습니다 잘 부탁드려요
환영합니다! 저는 김민호예요 모르는 거 있으면 편하게 물어보세요
우리 팀 분위기 좋으니까 금방 적응하실 거예요 점심 같이 먹으러 가요"
h_058,일반 대화,"오늘 10시 회의 안건이 뭔지 혹시 알아? 자료 좀 준비해가려고
신규 프로젝트 킥오프 회의야 일정이랑 역할 분담 논의한대
아 그러면 프로젝트 관련 시장 조사 자료 좀 가져갈게
좋은 생각이야 10시까지 3층 대회의실로 와 사전에 보면 좋은 자료 공유해줄게"
h_059,일반 대화,"민수 씨 이번 달 개인 영업 목표 달성했다면서? 입사 6개월 차에 대단하다
감사합니다 과장님 팀원 분들이 노하우 많이 알려주셔서 가능했어요
겸손하긴 실력이 있으니까 가능한 거지 팀 전체 실적에도 크게 기여했어
앞으로도 더 열심히 하겠습니다 좋은 팀에서 일할 수 있어서 감사해요"
h_060,일반 대화,"야 회사 앞에 벚꽃 엄청 피었다 점심시간에 잠깐 구경 갈까? 날씨도 좋은데
좋아 카메라 가져가자 작년에도 여기서 단체 사진 찍었잖아
맞아 올해는 인생샷 건지자 ㅋㅋ 배경 진짜 예쁘겠다
그래 12시 되면 바로 나가자 도시락 싸가면 벚꽃 아래서 먹어도 좋겠다"
h_061,일반 대화,"팀장님 이번 주 금요일 고객사 미팅 장소가 어디였죠? 다시 확인하고 싶어서요
판교 본사 3층 대회의실이야 주차장은 지하로 들어가면 돼
알겠습니다 금요일에 일찍 출발해야겠네요 교통 상황 봐서 1시간 전에 나갈게요
응 여유 있게 나오는 게 좋아 첫인상이 중요하니까 늦지 말자"
h_062,일반 대화,"부장님 이번에 팀원 경조사가 있는데 경조사비 처리 절차가 어떻게 되나요?
총무팀에 경조사 신청서 제출하면 돼 양식이 필요하면 내가 메일로 보내줄까?
네 부탁드립니다 처음이라 잘 모르겠어서요
알겠어 바로 보내줄게 경조사 휴가도 같이 신청할 수 있으니까 참고해"
h_063,일반 대화,"야 올해 여름 휴가 언제 쓸 건지 좀 조율하자 팀에서 겹치면 안 되니까
나는 8월 첫째 주 생각하고 있는데 너는 언제 갈 거야?
나도 비슷한 시기인데 혹시 겹치면 한 명이 조정해야 하지 않을까?
팀장님한테 먼저 말씀드리고 팀 전체 휴가 일정표 만들자"
h_064,일반 대화,"과장님 오늘 정장 입으셨네요 평소에 캐주얼하시던데 뭔가 있으세요?
고마워 ㅎㅎ 오늘 오후에 중요한 거래처 미팅이 있어서 좀 차려입었어
역시 과장님 어디 가든 프로페셔널하시네요 멋있어요
아이고 과찬이야 ㅋㅋ 너도 담당 미팅 때는 이렇게 입어봐 느낌 달라"
h_065,일반 대화,"새 사무실로 이전하니까 확실히 분위기가 달라졌지 않아? 쾌적해서 좋다
완전 좋아요 창문도 넓어져서 자연광 들어오니까 기분도 좋고 집중도 잘 돼요
맞아 여기에 화분이랑 식물 좀 놓으면 더 좋을 것 같아 인테리어 효과도 있고
동의요 팀장님 화분 예산 좀 잡아주세요 ㅎㅎ 공기정화 식물 놓고 싶어요"
h_066,일반 대화,"야 너한테 온 택배 1층 경비실에 있대 점심때 내려가서 받아와
아 진짜? 알려줘서 고마워 주문한 거 기다리고 있었는데 ㅎㅎ
점심 전에 가져와 경비실에 택배 많이 쌓이면 자리 없어져서 찾기 힘들어
알겠어 지금 잠깐 내려갔다 올게 금방 올게"
h_067,일반 대화,"팀장님 내일 오전에 개인 일정이 좀 있어서 출근이 좀 늦을 것 같은데 괜찮을까요?
괜찮아 내일 오전에 특별한 미팅 없으니까 오후에 와도 돼 급한 건 내가 커버할게
감사합니다 최대한 빨리 출근하겠습니다 늦어도 1시까지는 도착할게요
편하게 볼 일 보고 와 무리해서 서두르지 말고"
h_068,일반 대화,"회사 동호회 등산 모임 이번 주 토요일인데 참가할 거야? 같이 가자
가고 싶긴 한데 체력이 될지 걱정이야 ㅋㅋ 코스가 어떻게 돼?
초보 코스래 왕복 2시간이면 돼 부담 없어 경치도 좋다더라
그 정도면 괜찮다 갈게! 등산화 없는데 운동화로 가도 될까?"
h_069,일반 대화,"과장님 퇴근 전에 결재 서류에 서명 좀 부탁드려도 될까요? 내일까지 제출이라서요
응 뭐야 어디에 서명하면 돼? 내용은 이미 검토한 거지?
네 계약서 최종본이요 법무팀 검토도 다 끝났습니다
알겠어 가져와 바로 해줄게 고생했어 빠듯한 일정에 잘 마무리했네"
h_070,일반 대화,"어제 저녁 내가 삼겹살 쐈으니까 오늘 점심 커피는 네가 사는 거다 약속했잖아
ㅋㅋ 알겠어 뭐 마실래? 아메리카노 맞지?
응 아이스 아메리카노 큰 걸로 부탁해 오늘 더우니까
오케이 지금 바로 카페 가서 주문할게 자리에서 기다려"
h_071,일반 대화,"야 오늘 점심 삼계탕 먹었으니까 더치페이 하자 1만 2천원이니까 6천원씩
응 카카오페이로 바로 보내줄게 계좌번호 필요 없지?
응 카카오페이로 보내줘 금방 확인할 수 있으니까
보냈다 확인해봐 맛있었다 다음에 또 가자 ㅎㅎ"
h_072,일반 대화,"엄마 이번 달 용돈 좀 올려주시면 안 될까요? 물가가 너무 올랐어요 ㅠㅠ
지난번에 준 거 벌써 다 썼어? 어디에 이렇게 많이 쓰니
친구들이랑 밥도 먹고 교통비도 오르고 해서요 아껴 쓰는데도 부족해요
알겠다 5만원 더 보내줄게 그래도 가계부 좀 써봐라 어디에 쓰는지 파악해야지"
h_073,일반 대화,"이번 달 월급 들어왔어? 나는 아까 확인했는데 입금 문자 왔더라
응 나도 확인했어 드디어 통장에 돈이 들어왔다 ㅠㅠ 한 달이 길었어
맞아 ㅋㅋ 월급날만 기다렸어 오늘 저녁은 맛있는 거 먹자 자축하자
좋아 월급 기념 삼겹살에 소주 어때? 내가 아는 맛집 있어"
h_074,일반 대화,"야 미안한데 만원만 빌려줄 수 있어? 지갑을 집에 놓고 왔어 현금이 하나도 없어
그래 여기 카드로 내가 먼저 계산할게 걱정하지 마
고마워 진짜 내일 출근하면 바로 갚을게 미안해
괜찮아 갚는 거 신경 쓰지 마 친구 사이에 이 정도는 당연하지"
h_075,일반 대화,"이 원피스 마음에 드는데 가격이 얼마인지 좀 봐줘 태그가 안 보여서
3만 9천원이래 지금 시즌 세일 중이라 원래 7만원짜리야 거의 반값이네
오 이 정도면 괜찮다 살 만하네 색상도 예쁘고 소재도 좋아
맞아 나도 다른 색으로 하나 살까 고민 중이야 같이 사면 할인 더 되나 물어볼까"
h_076,일반 대화,"월말인데 통장 잔고가 바닥이야 ㅋㅋ 아직 열흘이나 남았는데 어떡하지
나도 ㅋㅋ 이번 달 카드값이 어마어마하게 나왔어 쇼핑을 좀 줄여야 하는데
우리 다음 달부터는 진짜 절약 좀 하자 점심도 도시락 싸오고
그래야겠다 커피도 텀블러에 집에서 타오자 한 달만 참아보자"
h_077,일반 대화,"야 지난달에 빌린 3만원 여기 있어 늦어서 미안해 자꾸 까먹었다 ㅎㅎ
아 맞다 빌려줬던 거 나도 까먹고 있었는데 ㅋㅋ 고마워 갚아줘서
미안 좀 늦었지? 다음부터는 바로 보내줄게
아니야 전혀 괜찮아 생각해줘서 고맙지 그거로 오늘 저녁이나 맛있는 거 먹자"
h_078,일반 대화,"이사 축하해! 집들이 초대 고마워 선물로 뭐 가져가면 좋을까?
아 안 그래도 돼 와주는 것만으로도 충분히 좋아 부담 갖지 마
그래도 빈손으로 갈 수 없지 휴지 세트나 세제 세트 어때? 실용적이잖아
ㅋㅋ 현실적이다 고마워 사실 이사하느라 생필품 살 틈이 없었어"
h_079,일반 대화,"이따 마트에서 장 좀 봐야 하는데 같이 갈래? 혼자 가면 심심해서
좋아 나도 라면이랑 과일 좀 사야 해 무거운 거 같이 들면 좋겠다
오늘 마트 전단지 보니까 할인하는 품목 많더라 돼지고기 반값이래
진짜? 그럼 서둘러 가자 좋은 거 빨리 가야 남아있어"
h_080,일반 대화,"야 주식 요즘 어떻게 돼가? 나는 수익률이 마이너스인데 ㅋㅋ 괴로워
나도 마이너스야 ㅋㅋ 연초에 산 종목이 계속 빠지고 있어 속이 쓰려
그래도 존버하자 전문가들도 장기 투자하라고 하잖아 언젠간 오르겠지
맞아 뭐 단기적으로 일희일비하면 안 되지 마음 편하게 먹자"
h_081,일반 대화,"카페 아르바이트 시급 얼마 받고 있어? 요즘 최저시급 많이 올랐다던데
평일은 만이천원이고 주말에는 만사천원 받아 야간에는 좀 더 받고
오 괜찮다 나도 방학 때 거기 지원해볼까 사람 더 뽑는다고 했어?
응 매니저님한테 물어보니까 여름 시즌 추가 모집한대 같이 일하면 재밌겠다"
h_082,일반 대화,"이번 제주도 여행 경비 대략 얼마나 들 것 같아? 예산 좀 세워야 하는데
비행기랑 렌트카 숙소 합치면 1인당 30만원 정도면 충분할 거야
거기에 식비랑 관광지 입장료 더하면 40만원 정도 보면 되겠네?
응 넉넉하게 40만원 잡으면 돼 식비는 현지에서 카드로 계산하면 되고"
h_083,일반 대화,"엄마 이번 달 영어학원비 납부일이 다음 주인데 입금해주실 수 있어요?
당연하지 학원비 얼마야? 지난달이랑 같은 금액이야?
네 30만원이에요 감사합니다 엄마 이번 달 모의고사 성적 많이 올랐어요
그래? 잘했다 공부 열심히 하는 거 알아 건강 챙기면서 다녀"
h_084,일반 대화,"생일 축하해! 선물 뭐 사줄까? 예산은 5만원 정도로 생각하고 있는데
그냥 선물 대신 같이 맛있는 거 먹자 시간 내줘서 함께하는 게 더 좋아
진짜? 그럼 뭐 먹고 싶어? 네가 고르는 거 다 오케이야
스시 먹으러 가고 싶어 역삼역 근처에 괜찮은 오마카세 있다던데 거기 어때"
h_085,일반 대화,"이번 달 아파트 관리비 얼마 나왔어? 좀 많이 나온 것 같은데
15만원 나왔어 지난달보다 2만원 올랐어 난방비 때문인 것 같아
겨울이라 난방비가 올라가나 보다 좀 절약해야겠다 보일러 온도 낮출까?
그래 취침 시간에는 좀 낮추자 두꺼운 이불 덮으면 괜찮을 거야"
h_086,일반 대화,"아 커피 마시고 싶다 내가 카페 갈 건데 너도 마실 거 있으면 사다줄게
오 진짜? 고마워 카페라떼 따뜻한 걸로 하나 부탁해
사이즈는 어떻게 해? 톨이야 그란데야?
톨 사이즈로 부탁해 시럽은 빼줘 고마워 나중에 내가 한턱 쏠게 ㅎㅎ"
h_087,일반 대화,"야 밖에 비 엄청 오는데 우산 안 가져왔지? 편의점에서 사야겠다 같이 가자
같이 가자 나도 간식이랑 음료수 좀 사야 해 비 맞으면 감기 걸리겠어
편의점 우산 요즘 얼마 해? 비싸지 않아?
5천원 정도 할 거야 비싸도 비 맞고 다니는 것보단 낫지 뭐 ㅋㅋ"
h_088,일반 대화,"적금 새로 들었다며? 요즘 금리 어떤 상품이 괜찮아?
응 지난달에 들었어 연 4프로짜리 정기적금 1년 만기로
오 괜찮다 나도 여유자금 넣어둘 데 찾고 있었는데 어느 은행이야?
카카오뱅크야 앱으로 쉽게 가입할 수 있어 지금도 모집 중일 거야 해봐"
h_089,일반 대화,"야 택시비 나왔는데 반반 하자 여기서 집까지 만삼천원 나왔어
그래 반씩이면 6500원이네 카카오페이로 보내줄게 지금 바로
고마워 이 시간에 대중교통 없으니까 택시 타는 게 맞지 집까지 편하게 가자
응 밤에 돌아다니는 것보다 낫지 다음에도 늦으면 택시 타자"
h_090,일반 대화,"이번 주말에 아울렛 세일한대 같이 가볼래? 겨울옷 좀 사야 하는데
어디 아울렛? 할인율이 얼마나 되는데? 좋은 거 있으면 나도 사고 싶어
여주 아울렛인데 최대 70프로까지 할인한대 패딩이랑 코트 위주로
70프로면 대박이다 이번 주말에 꼭 가자 아침 일찍 출발하자"
h_091,일반 대화,"야 돈 좀 모으고 싶은데 도대체 어떻게 시작해야 할지 모르겠어 조언 좀 해줘
일단 가계부부터 써봐 한 달 동안 어디에 얼마 쓰는지 파악하는 게 먼저야
맞는 말이다 나 아마 커피값이 제일 많을 것 같아 매일 5천원씩 쓰니까
ㅋㅋ 한 달이면 15만원이야 집에서 타먹으면 10만원은 아끼는 거야 거기서부터 시작해"
h_092,일반 대화,"아빠 이번 달 교통카드 잔액이 다 떨어졌어요 충전 좀 해주실 수 있으세요?
얼마 충전할까? 지난달에 5만원 넣었는데 벌써 다 쓴 거야?
네 등하교랑 학원 다니다 보니까 교통비가 꽤 나가요
알겠다 5만원 넣어놓을게 앱으로 바로 충전 가능하니까 기다려"
h_093,일반 대화,"다음 주에 대학 동기 결혼식인데 축의금 얼마 내야 할까? 기준이 헷갈려
요즘 물가에 친한 친구면 5만원 보통 사이면 3만원 정도가 적당해
우리 꽤 친했으니까 5만원 내야겠다 봉투도 사야 하는데 편의점에 있으려나
문구점에서 사는 게 나아 예쁜 것도 있고 축하 메시지도 적을 수 있어"
h_094,일반 대화,"야 오늘 저녁 내가 쏠게 이번에 프로젝트 잘 끝나서 기분 좋거든 뭐 먹고 싶어?
진짜? 오늘 왜 이렇게 통 큰 거야 ㅋㅋ 무슨 좋은 일 있는 거 아니야?
그냥 우리 고생한 거 자축하자 치킨 먹을까 아니면 고기 먹을까?
치킨 먹자! 양념 반 후라이드 반에 맥주 한잔이면 완벽하겠다"
h_095,일반 대화,"노트북 새로 사려는데 추천 좀 해줘 예산은 100만원 내외로 생각 중이야
맥북 에어 어때? M2 칩 나온 이후로 가성비가 엄청 좋아졌어
맥북도 좋은데 윈도우가 호환성 면에서 더 낫지 않아? 게임도 하고 싶고
용도에 따라 다르지 업무용이면 맥북 게임까지 하려면 윈도우 추천"
h_096,일반 대화,"동생 스무살 생일인데 선물 뭐가 좋을까? 요즘 스무살짜리들이 뭘 좋아하는지 모르겠어
무선 이어폰 어때? 에어팟이나 갤럭시버즈 요즘 학생들 거의 다 쓰잖아
오 좋은 아이디어다 예산이 15만원 정도면 갤럭시버즈 살 수 있으려나?
세일 기간 잘 맞추면 가능해 온라인에서 쿠폰 적용하면 더 싸게 살 수 있어"
h_097,일반 대화,"이사비가 생각보다 훨씬 많이 나와서 놀랐어 예상 금액 초과했거든
얼마나 나왔는데? 이삿짐 양이 많았나 봐
짐 정리 포함해서 50만원 ㅠㅠ 견적보다 10만원 더 나왔어
이사비 원래 비싸 그래도 새 집에서 시작하는 거니까 기분 좋잖아 화이팅"
h_098,일반 대화,"전세 대출 갚으려면 앞으로 몇 년이나 걸릴까 계산해봤더니 막막하더라
금액이 얼마인데? 이자율에 따라 다르긴 하지만 계획적으로 하면 괜찮을 거야
매달 갚는 금액 늘리면 3년 안에 가능할 것 같긴 해
그래도 생활비도 있으니까 무리하지 말고 여유자금 범위 내에서 갚아나가자"
h_099,일반 대화,"엄마 오늘 시장 다녀오셨어요? 뭐 좋은 거 사오셨어요?
과일이랑 고기 좀 샀어 제철 과일이 싸길래 많이 사왔다
수박 있어요? 요즘 수박이 맛있을 때인데 먹고 싶어요
큰 거 하나 샀어 냉장고에 넣어놨으니까 저녁에 같이 먹자 달콤하겠다"
h_100,일반 대화,"이번 달 핸드폰 요금이 평소보다 2만원이나 더 나왔어 뭐가 문제지
데이터 초과한 거 아니야? 요즘 유튜브 많이 보잖아
그런가 무제한 요금제가 아니라서 데이터를 초과한 것 같아 ㅋㅋ
요금제 바꿔봐 월 2천원만 더 내면 무제한 되는 거 있어 오히려 이득이야"
h_101,일반 대화,"이전 집 보증금 돌려받았어? 집주인이 잘 돌려줬어?
응 어제 계좌로 입금됐어 확인하고 진짜 안도했다 다행이다
잘됐다 그 돈으로 뭐 할 계획이야? 새 집 인테리어에 쓸 거야?
일단 적금에 절반 넣고 나머지는 이사 때 쓴 카드값 정리하려고"
h_102,일반 대화,"이번 달 카드 명세서 확인해봤는데 금액이 장난 아니야 ㅠㅠ
얼마나 나왔길래? 뭘 그렇게 많이 썼어?
80만원 ㅋㅋ 가을 옷 사느라 좀 과하게 질렀나 봐
야 ㅋㅋ 좀 줄여라 다음 달은 현금 위주로 쓰자 카드는 봉인해"
h_103,일반 대화,"야 장학금 받았다는 소식 들었어 축하해! 얼마짜리 장학금이야?
1학기 등록금 전액 면제야! 진짜 열심히 공부한 보람이 있다 ㅎㅎ
와 대박이다 진심으로 축하해 부모님 엄청 기뻐하시겠다
맞아 엄마가 울었어 ㅋㅋ 다음 학기도 유지하려고 더 열심히 해야지"
h_104,일반 대화,"야 연말정산 했어? 이번에 환급금 꽤 나올 수 있다는데 빨리 해봐
아 아직 안 했어 서류 준비가 번거로워서 미루고 있었는데 언제까지야?
이번 달 말까지야 홈택스에서 간편 조회 되니까 생각보다 쉬워
오키 주말에 해야겠다 작년에 30만원 환급받았는데 올해도 기대된다"
h_105,일반 대화,"투자 공부 좀 시작해볼까 생각 중인데 완전 초보면 어디서부터 시작해?
좋은 생각이야 근데 처음에는 소액으로 시작해 공부한다 생각하고
얼마 정도가 적당할까? 10만원 정도면 시작할 수 있어?
충분해 ETF부터 해보는 거 추천해 분산투자라 리스크도 적고 공부하기 좋아"
h_106,일반 대화,"안 쓰는 태블릿 중고로 팔려는데 시세가 얼마 정도 될까?
모델이 뭔데? 상태 좋으면 정가 대비 반값 정도는 받을 수 있을 거야
아이패드 8세대인데 기스도 없고 상태 좋아 그럼 15만원 정도 받을 수 있으려나
충분히 가능해 당근마켓이나 중고나라에 사진 잘 찍어서 올려봐"
h_107,일반 대화,"아빠 차에 기름이 거의 바닥이에요 학교 가려면 넣어야 하는데 카드 좀 빌려주세요
어디까지 가야 하는 거야? 기름이 얼마나 비었어?
학교 왕복이요 경고등 들어왔어요 5만원어치만 넣으면 될 것 같아요
카드 지갑에 있다 넣고 나서 영수증 가져와 그리고 다음부터는 미리 얘기해"
h_108,일반 대화,"다음 달 일본 여행인데 환전 미리 해둬야 할까? 엔화가 요즘 좀 올랐더라
은행 창구보다 인터넷 환전이 수수료 훨씬 싸 90프로 우대해주는 데도 있어
오 모바일 앱으로도 되는 거야? 은행 직접 안 가도 돼?
응 앱으로 예약하고 공항에서 수령하면 돼 편하고 환율도 좋아 미리 해둬"
h_109,일반 대화,"야 편의점 갈 건데 뭐 필요한 거 있으면 사다줄까? 같이 갈래?
삼각김밥 참치마요 하나만 부탁해 배고프지는 않은데 간식 먹고 싶어서
알겠어 음료는? 커피나 주스 같은 거 필요 없어?
괜찮아 물은 있어 삼각김밥만 사다줘 고마워 돈은 바로 보내줄게"
h_110,일반 대화,"생활비 통장이랑 저축 통장 분리했어? 나는 아직 같이 쓰는데 관리가 안 돼
응 이번 달에 분리했는데 확실히 돈 관리가 편해졌어 추천해
나도 해야 하는데 통장 새로 만들기 귀찮아서 계속 미루고 있어
한번만 만들면 되니까 토요일에 같이 은행 가자 30분이면 끝나"
h_111,일반 대화,"이번 주부터 퇴근 후에 배달 알바 시작했어 용돈 좀 벌려고
오 진짜? 힘들지 않아? 본업이랑 같이 하면 체력적으로 부담되지 않아?
좀 피곤하긴 한데 시급이 시간당 만오천원이라 해볼 만해
무리하지 마 건강이 제일 중요하니까 힘들면 바로 쉬어 돈은 나중에도 벌 수 있어"
h_112,일반 대화,"야 카페에서 음료 하나 무료 쿠폰 있어 유효기간이 오늘까지인데 같이 갈래?
진짜? 그 쿠폰 나한테 양보해주면 안 돼? ㅋㅋ
안 돼 내 쿠폰이야 대신 같이 가면 네 거 하나 내가 사줄게
ㅋㅋ 거래 성립 같이 가자 오늘 카페 가서 달달한 거 마시고 싶었어"
h_113,일반 대화,"다음 달에 이사하면 가구 새로 사야 하는데 중고로 살까 새 거로 살까 고민이야
중고나라에서 상태 좋은 거 싸게 사면 되지 예산도 아끼고
침대는 새 거 사고 싶은데 중고 침대는 위생적으로 좀 그렇잖아
침대랑 매트리스는 새 걸로 사고 책상이나 서랍장은 중고로 사면 예산 조절 돼"
h_114,일반 대화,"야 오늘 점심 내가 살게 지난번에 네가 피자 사줬잖아 이번에는 내 차례야
오 고마워 그럼 뭐 먹을까? 네가 사주니까 네가 골라도 돼
네가 먹고 싶은 거 골라 아무거나 좋아 든든한 거 먹자
칼국수 어때? 날씨가 쌀쌀한데 따뜻한 국물 있는 거 먹으면 딱이야"
h_115,일반 대화,"전기세가 이번 달 너무 많이 나왔어 절약하는 방법 좀 알려줘
LED 전구로 바꾸고 안 쓰는 가전 대기전력 차단하면 꽤 줄어들어
에어컨이 제일 문제인 것 같은데 여름에 전기세 폭탄 맞을 것 같아
에어컨 틀 때 선풍기 같이 쓰면 냉방 효율 올라가서 전기세 줄일 수 있대"
h_116,일반 대화,"야 넷플릭스 같이 구독 나눠쓸래? 혼자 내기에는 좀 비싸거든
좋아 프리미엄 요금제 4명이서 나누면 한 달에 얼마야?
4명이 나누면 1인당 4천원 정도밖에 안 해 커피 한잔 값도 안 되지
가성비 미쳤다 당장 하자 넷플릭스에 볼 게 많이 쌓여있었는데"
h_117,일반 대화,"이번 여름에 수영 배우려고 하는데 스포츠센터 등록비 얼마 정도 해?
한 달 기준으로 7~8만원 정도 하는데 시설마다 좀 달라
좀 비싸네 할인 받을 수 있는 방법 없을까?
3개월이나 6개월 장기 등록하면 20프로 정도 할인해줘 장기가 이득이야"
h_118,일반 대화,"엄마 생일 선물 뭐 사드릴까 형이랑 같이 돈 모아서 좋은 거 드리고 싶어
좋은 생각이다 형한테 예산 얼마까지 가능한지 물어봐봐
형이 10만원까지 된대 나도 10만원 하면 총 20만원인데 뭐가 좋을까
스카프나 가방 어때? 백화점 세일 기간 맞추면 좋은 브랜드 제품 살 수 있어"
h_119,일반 대화,"야 온라인 특가 세일에서 운동화 엄청 싸게 나왔다 이거 봐봐
어디서? 가격이 얼마인데? 원래 얼마짜리인데
정가 15만원짜리가 7만원이야 반값 넘게 할인하는 거지 색상도 이쁘고
사이즈 맞으면 바로 사야겠다 이 가격이면 안 사는 게 손해지"
h_120,일반 대화,"올해 저축 목표를 500만원으로 세웠어 매달 꾸준히 모을 거야
오 대단하다 500만원이면 매달 얼마씩 넣어야 하는 거야?
매달 40만원씩 12개월이면 480만원이고 보너스 넣으면 될 것 같아
자동이체 걸어놓으면 안 쓰고 자동으로 모이니까 편해 나도 그렇게 하고 있어"
h_121,일반 대화,"야 오늘 밥값은 내가 계산할게 대신 커피숍에서 디저트 사줘 맞교환이야
오케이 좋아 그럼 커피랑 케이크까지 사줄게 어디 카페 갈까?
밥집 바로 옆에 투썸플레이스 있잖아 거기 케이크 맛있더라
좋아 거기 가자 나 티라미수 먹고 싶었어"
h_122,일반 대화,"오빠 용돈 좀만 줘 ㅋㅋ 이번 달에 좀 부족해서 그래
왜 또 다 썼어? 지난번에 준 게 엊그제인데 벌써 다 쓴 거야?
이번에 친구 생일이라 선물 사야 하는데 예산이 좀 부족해서요
얼마나 필요한데? 3만원이면 돼? 대신 다음 달에는 스스로 해결해라"
h_123,일반 대화,"해외직구로 키보드 사려는데 관세 붙을까 안 붙을까? 가격이 좀 애매해서
가격이 얼마짜리인데? 미국에서 오는 거면 150달러 이하는 면세야
15만원 정도니까 달러로 하면 110달러쯤 되는데 면세 범위 안이네?
그 정도면 관세 안 붙을 거야 배송비 포함해서 계산해봐 그것도 포함이니까"
h_124,일반 대화,"야 오늘 이마트 주말 특가 세일이래 계란이랑 우유 반값이라는데 같이 가자
진짜? 대박이다 지금 마침 계란 떨어졌는데 같이 가자
라면이랑 과자도 할인한다던데 장 보는 김에 싹 다 사오자
좋아 차 가져갈게 장 많이 볼 것 같으니까 트렁크 비워놔야겠다"
h_125,일반 대화,"통신비 줄이고 싶은데 알뜰폰으로 바꾸면 어때? 써본 적 있어?
나 알뜰폰 쓴 지 1년 됐는데 한 달에 만오천원이면 데이터 넉넉하게 써
와 싸다 그런데 통화 품질이나 데이터 속도 불편한 거 없어?
전혀 없어 대형 통신사 망 그대로 쓰는 거라 차이 못 느껴 번호 이동도 간편해"
h_126,일반 대화,"야 혹시 현금 만원만 있어? 주차비 내야 하는데 카드가 안 되는 곳이야
있어 여기 만원 가져가 주차비 비싸다 어디야?
고마워 오늘 중으로 카카오페이로 보내줄게 잊지 않을게
괜찮아 급한 건데 뭘 다음에 밥이나 한끼 사줘 ㅋㅋ"
h_127,일반 대화,"보험 가입해야 할까 고민 중인데 뭐부터 들어야 할지 모르겠어 조언 좀 해줘
기본적인 의료보험은 꼭 들어놓는 게 좋아 특히 실손보험
실비보험 추천하는 이유가 뭐야? 보험료가 비싸지 않아?
실비는 병원비 실제 부담분 대부분 돌려받으니까 가성비 최고야 보험료도 월 3만원대"
h_128,일반 대화,"야 무인할인매장에서 과일 반값 택배 판다 한 박스에 15000원이래
뭔 과일인데? 제철 과일이야? 품질은 괜찮아?
사과 5kg에 15000원이래 농가 직송이라 신선하대
오 싸다 나도 한 박스 시켜줘 부모님 댁에도 하나 보내드리면 좋겠다"
h_129,일반 대화,"이사하면 월세가 지금보다 줄어들어? 새 집이 더 싸다며
보증금 1000만원에 월 50만원이야 지금 월 65만원 내는 것보다 훨씬 나아
15만원 절약이면 크다 교통비는 좀 더 들겠지만 총 생활비로 보면 이득이겠네
맞아 계산해보니까 한 달에 10만원 정도 절약되더라 이사 결심 잘한 것 같아"
h_130,일반 대화,"연말정산에서 환급 많이 받을 수 있는 팁 좀 알려줘 작년에 거의 못 받았거든
체크카드 위주로 쓰고 의료비 영수증 꼼꼼히 챙겨 기부금 영수증도 중요해
기부금도 세액공제가 돼? 몰랐는데 얼마나 돌려받을 수 있어?
기부금은 15프로 세액공제 받을 수 있어 소액이라도 티끌 모아 태산이지"
h_131,일반 대화,"오늘 마트 장 보고 왔어 총 4만원 썼는데 이번 주 식재료는 충분할 것 같아
뭐뭐 샀어? 메뉴 계획 세우고 갔어 아니면 눈에 보이는 대로?
야채류랑 돼지고기 사고 라면이랑 간식도 좀 샀어 세일 품목 위주로 골랐어
잘 샀네 4만원이면 적당하다 요즘 장보기 물가 생각하면 알뜰하게 산 거야"
h_132,일반 대화,"중고차 사려고 알아보는 중인데 예산이 천만원 정도면 뭐가 괜찮을까?
천만원이면 괜찮은 선택지 많아 연식 3~4년 된 준중형 세단 추천
사고 이력이나 침수 차량은 어떻게 구분해? 중고차는 좀 걱정돼
성능 기록부 꼭 확인하고 직접 시승해봐 같이 가줄까? 아는 딜러 있어"
h_133,일반 대화,"월급 들어오면 제일 먼저 뭐 해? 나는 맨날 생활비로 다 나가버리는데
나는 월급 들어오자마자 저축 30프로 먼저 빼놓고 나머지로 생활해
대단하다 나는 의지가 약해서 안 쓰고 모으기가 어렵더라
자동이체 설정해놓으면 강제로 되니까 편해 월급날 다음 날로 걸어놔봐"
h_134,일반 대화,"아 점심시간인데 배고프다 떡볶이 먹으러 갈까? 학교 앞 분식집에
좋아 떡볶이에 튀김 추가해서 먹자 세트가 얼마야?
떡볶이 세트가 6천원이야 괜찮지? 근데 나 현금이 없는데 카드 돼?
분식집이 카드 되는 곳이야 걱정 마 요즘 안 되는 데가 없어 가자"
h_135,일반 대화,"야 이번 달 공과금 정산해야 하는데 같이 나눠내자 반반이잖아 우리
그래 이번 달 얼마 나왔어? 여름이라 에어컨 많이 틀었으니까 좀 많이 나왔겠다
전기 가스 수도 인터넷 합쳐서 16만원이야 8만원씩이네
오케이 지금 바로 이체할게 공과금은 밀리면 안 되니까 바로 보낸다"
h_136,일반 대화,"주택 청약 통장 넣고 있어? 나는 매달 10만원씩 넣는 중인데 언제 쯤 쓸 수 있으려나
나도 넣고 있어 아직 기간이 좀 부족해서 자격 안 되는데 꾸준히 넣어야 해
맞아 나중에 분양 받을 때 가점이 중요하다던데
그래서 빠지지 않고 매달 넣는 거야 미래를 위한 투자라고 생각하자"
h_137,일반 대화,"야 우리 동네 무인할인매장에서 아이스크림이 편의점 반값이야 같이 가볼래?
진짜? 어디에 있는데? 우리 집에서 가까워?
걸어서 5분 거리야 아이스크림 말고도 과자랑 음료도 싸더라
오 잠깐만 지금 나갈게 기다려 신발 신고 바로 나간다"
h_138,일반 대화,"설날에 세뱃돈 얼마 받았어? 올해는 좀 모아보려고 하는데
친척들한테 합쳐서 15만원 받았어 작년보다 좀 많아졌다 ㅎㅎ
나는 10만원 ㅋㅋ 어른이 되니까 점점 줄어드는 느낌이야
그래도 감사하지 뭐 나는 전액 저축할 생각이야 여행 자금으로 모으는 중"
h_139,일반 대화,"야 오늘 마트에서 삼겹살 세일하길래 사왔어 집에서 구워 먹자 불판도 있어
오 대박 얼마에 샀어? 양은 충분해?
100그램에 1990원이라 2인분 넉넉하게 사왔어 상추랑 마늘도 샀고
최고다 그럼 소주랑 음료는 내가 사올게 내가 쏠게 편의점 다녀올게"
h_140,일반 대화,"야 내 서랍에 있던 과자 네가 먹은 거 맞지? 이름까지 써놨는데!
몰라 배고프길래 ㅋㅋ 눈앞에 있으니까 참을 수가 없었어
진짜 너 나쁘다ㅋㅋㅋ 그거 편의점에서 사온 한정판이었거든 새로 사와
알겠어 알겠어 지금 바로 편의점 가서 두 개 사올게 하나는 이자야"
h_141,일반 대화,"너 왜 맨날 약속 시간에 늦어 ㅋㅋ 오늘도 15분 지났잖아
미안 미안 진짜 버스를 눈앞에서 놓쳐서 다음 거 기다렸어
매번 그 버스 핑계야 ㅋㅋㅋ 다음엔 하나 일찍 타면 되잖아
알겠어 다음엔 진짜 30분 일찍 나올게 대신 오늘 음료 내가 살게 미안해"
h_142,일반 대화,"야 게임에서 왜 나한테만 힐을 안 줘? 나만 맨날 죽잖아
아 미안 내가 그때 쿨타임이었어 ㅋㅋ 일부러 그런 거 아니야
거짓말이지 옆에 있던 다른 사람한테는 바로 줬잖아 봤거든
 ㅋㅋ 다음 판에는 너한테만 힐 몰아줄게 약속해 전담 힐러 해줄게"
h_143,일반 대화,"오빠 카톡 보낸 지 2시간째인데 왜 답장 안 해? 읽씹이야?
아 핸드폰 소리 끄고 충전해놨어서 못 봤어 지금 봤다 미안
거짓말 같은데 ㅋㅋ 배그 접속 중이던 거 다 봤거든? 게임하면서 씹은 거지?
아 들켰다 ㅋㅋ 미안해 이번 판 끝나면 바로 답장할게 한 판만 더"
h_144,일반 대화,"야 니가 강력 추천해서 봤는데 그 영화 진짜 재미없었어 2시간 날렸다
뭐? 평점 8점이 넘는 영화인데 다들 재밌다고 했잖아
사람마다 취향이 다른 거지 뭐 ㅋㅋ 나한텐 안 맞았어
에이 그래도 뒷부분은 괜찮지 않았어? 다음엔 네 취향 맞는 거 찾아줄게"
h_145,일반 대화,"야 너 요즘 좀 살찐 거 같은데? 얼굴이 동글해졌어 ㅋㅋ
야 그런 말 하지 마 ㅠㅠ 나도 알아 요즘 야식을 너무 먹었거든
같이 다음 주부터 운동하자 헬스장 같이 등록하면 서로 독려도 되고
진짜? 좋아 같이 하면 안 빠지고 갈 수 있을 것 같아 월요일부터 시작하자"
h_146,일반 대화,"야 지난번에 빌려간 내 우산 아직도 안 돌려줬잖아 벌써 3주째야
아 맞다 차 뒷좌석에 놓고 계속 까먹었어 진짜 미안 ㅠㅠ
매번 까먹는다고 하면서 ㅋㅋ 이러다 우산 새로 사줘야 하는 거 아니야?
내일 출근할 때 무조건 가져올게 핸드폰 알림까지 설정해놨어 진짜야"
h_147,일반 대화,"야 노래 좀 작게 불러 벽 얇은 거 알잖아 옆집에서 항의 올까봐 걱정이야
뭐야 나 노래 잘하잖아 ㅋㅋ 연습 중이란 말이야 이해 좀 해줘
자기가 생각하는 실력이랑 현실에는 큰 갭이 있어 ㅋㅋㅋ
에이 너무해 그래도 화음은 좋지 않아? 인정해줘 하나만이라도"
h_148,일반 대화,"너 내 앞에서 그 아이돌 칭찬하는 거 그만해 듣기 싫어 ㅋㅋ
왜 ㅋㅋ 질투하는 거야? 내가 다른 사람 좋아한다고?
질투가 아니라 내가 더 잘생겼으니까 비교 자체가 안 된다는 거지
꿈은 자유지 ㅋㅋㅋㅋ 거울 한번 보고 와 현실 직시해"
h_149,일반 대화,"야 방 좀 치워라 대체 이게 뭐야 발 디딜 곳이 없잖아
지금 바빠 나중에 할게 시험 기간이란 말이야
매일 나중에래 ㅋㅋ 시험은 2주 전부터 준비하더니 방 정리는 2달째 나중이야
알겠어 알겠어 진짜 이번 주말에 대청소 할게 약속하고 사진 찍어서 보내줄게"
h_150,일반 대화,"너 왜 이렇게 공부를 잘해 짜증나 ㅋㅋ 같은 시간 공부해도 성적이 다르잖아
뭐가 ㅎㅎ 나도 밤에 따로 복습 많이 했어 요령이 좀 있는 것 같아
시험 만점이라면서 나는 겨우 80점 겨우 턱걸이 했는데
다음 시험 같이 공부하자 내 노트 공유해줄게 같이 하면 너도 잘할 수 있어"
h_151,일반 대화,"누나 화장실 좀 빨리 써 아침부터 30분째 들어가있잖아 나도 씻어야 해
기다려 5분만 더 하면 되거든 화장 마무리 중이야
매번 5분이라고 하면서 결국 30분이잖아! 이러다 지각하겠어
알겠어 알겠어 나간다 진짜 2분만 더 기다려 머리만 마무리하면 돼"
h_152,일반 대화,"야 내가 진지하게 얘기하는데 왜 자꾸 핸드폰만 봐 집중 좀 해줘
아 미안미안 인스타 알림 와서 잠깐 봤어 뭐라고 했어?
진짜 너는 사람이 말하고 있으면 눈 맞추고 들어야지 ㅋㅋ 예의 좀 지켜
미안해 핸드폰 뒤집어놓을게 다시 말해봐 이번엔 진짜 집중할게"
h_153,일반 대화,"야 너 요리 실력이 왜 이 모양이야 ㅋㅋ 이걸 음식이라고 만든 거야?
야 처음 해본 건데 좀 봐줘라 레시피대로 했는데 왜 이렇게 된 거지
라면조차 불어터졌잖아 ㅋㅋㅋ 물 조절을 못 한 거야 기본인데
다음에는 타이머 맞춰놓고 할게 연습하면 나아지겠지 유튜브 보면서 배울게"
h_154,일반 대화,"야 사진 왜 이렇게 못 찍어 각도가 뭐야 이게 내 얼굴이 실물보다 더 이상해 보이잖아
어 나는 예쁘게 잘 나왔다고 생각했는데 어디가 별로야?
이게 예쁘게 나온 거라고? 눈도 감겼고 턱선이 다 사라졌는데 다시 찍어줘
알겠어 ㅋㅋ 이번엔 진짜 각도 잡아서 인생샷 찍어줄게 포즈 잡아봐"
h_155,일반 대화,"형 내 새 후드티 또 입고 나간 거야 허락 좀 받고 입어라 몇 번을 말해야 해
깨끗하게 입었어 냄새도 안 나 괜찮아 좀 빌려주면 안 돼?
괜찮긴 뭐가 괜찮아 ㅋㅋ 아직 나도 한 번밖에 안 입은 새 옷인데
미안 다음엔 무조건 물어보고 입을게 진짜로 오늘은 내 옷 전부 빨래 중이어서"
h_156,일반 대화,"자기야 우리 사귄 지 100일인데 기념일 까먹은 거야 매년 이러잖아
아 미안해 진짜 깜빡했어 업무가 바빠서 날짜 가는 줄도 몰랐어
올해도 선물 없는 거야? ㅋㅋ 나는 준비했는데 서운하다 진짜
미안해 지금 당장 나가서 선물 사러 가자 네가 갖고 싶은 거 말해줘 다 사줄게"
h_157,일반 대화,"야 축구할 때 패스 좀 해라 혼자만 드리블하다가 빼앗기잖아 팀플레이가 뭔지 몰라?
아 미안 너한테 패스하려고 했는데 수비수가 막고 있어서 못 줬어 ㅋㅋ
거짓말이지 눈 마주쳤는데도 혼자 슛 날렸잖아 그래서 빗나간 거고
다음 골 기회 때는 무조건 패스할게 ㅋㅋ 약속해 어시스트 왕 될게"
h_158,일반 대화,"야 이번 주 드라마 스포 한마디라도 하면 진짜 나 화내는 거야 아직 못 봤거든
오 그 드라마 어제 봤는데 주인공이 결국에...
야!!!!! 하지 마 진짜로!! 귀 막는다 라라라라라
ㅋㅋㅋㅋ 장난이야 아무 말도 안 할게 빨리 보고 와서 같이 얘기하자"
h_159,일반 대화,"야 에어컨 좀 켜줘 이 방 진짜 너무 덥다 숨이 막혀
아까 전기세 아끼자고 해서 껐잖아 선풍기로 버텨봐
전기세보다 내 건강이 더 중요하거든? 열사병 걸리면 병원비가 더 나와 ㅋㅋ
알겠어 ㅋㅋ 논리적이네 켤게 대신 28도로 맞추자 절충안이야"
h_160,일반 대화,"야 너 운전할 때 좀 조심해 아까 차선 변경 갑자기 해서 심장 떨어지는 줄 알았어
어디가 위험해 잘 봤는데 옆 차가 안 오는 거 확인하고 했어
방금 깜빡이도 안 켰잖아 ㅋㅋ 그리고 속도도 좀 빠른 것 같은데
아 맞다 깜빡이 깜빡했네 ㅋㅋ 미안 앞으로는 더 신경 쓸게 안전 운전 할게"
h_161,일반 대화,"야 내 충전기 가져간 거 너지? 내 방에 있던 건데 사라졌거든
아 미안 배터리 1프로 남아서 급하게 가져갔어 죽기 직전이었어
매번 그러잖아 자기 충전기 좀 사 우리 집 충전기가 다 네 거야? ㅋㅋ
알겠어 이번 주에 인터넷으로 주문할게 3개 사서 집안 곳곳에 놔둘게"
h_162,일반 대화,"왜 또 여기로 왔어 오늘은 다른 데 가자고 어제 약속했잖아
여기가 더 맛있다니까 한번만 더 와보면 진가를 알 수 있어
맨날 네 맘대로야 ㅋㅋ 지난주도 여기 왔잖아 매일 같은 메뉴 질리지 않아?
알겠어 다음에는 네가 고르자 오늘만 참아주면 내가 다음에 어디든 따라갈게"
h_163,일반 대화,"야 너 코골이 심해져서 같은 방에서 잠을 못 자겠어 ㅋㅋ 진지하게 얘기하는 거야
아 진짜 심해? 미안 나도 자면서 모르니까 얼마나 심한지 감이 안 잡혀
어젯밤에는 진짜 옆방으로 갈까 고민했다니까 귀마개도 소용없었어
미안해 코골이 완화 테이프 사볼게 안 되면 병원도 가볼게 진짜 미안"
h_164,일반 대화,"야 양말 좀 갈아신어 발 냄새 진짜 심하다 방 전체에 퍼졌잖아 ㅋㅋ
야 그런 말 하지 마 ㅠㅠ 운동하고 왔으니까 어쩔 수 없잖아 민감한 부분이야
농담이 아니라 진짜야 ㅋㅋ 근데 발 전용 세정제 쓰면 많이 나아진다더라
알겠어 ㅋㅋ 새 양말도 사고 세정제도 사볼게 미안해 씻고 올게"
h_165,일반 대화,"너 술 마시면 왜 그렇게 목소리가 커져? ㅋㅋ 옆 테이블에서 쳐다봤잖아
나 원래 텐션 올라가는 타입이야 즐거우면 자연스럽게 목소리가 커지는 거지
자연스러운 게 아니라 소음 공해 수준이야 ㅋㅋ 볼륨 좀 조절해
미안 미안 의식하면서 조용히 할게 근데 술 마시면 또 까먹을 것 같아"
h_166,일반 대화,"야 약속 장소를 왜 매번 강남으로 잡아 나는 강북인데 1시간 넘게 가야 해
거기가 서로 중간 지점이잖아 지도에서 확인해봤어
누구 기준 중간인데 ㅋㅋ 너네 집에서 20분이고 나는 1시간이야 어디가 중간이야
아 그렇게 되나 ㅋㅋ 미안 다음엔 네가 장소 정해 어디든 내가 갈게 약속"
h_167,일반 대화,"야 이 노래가 좋다고 진심으로 말하는 거야? 취향을 이해 못하겠어 진짜
이거 명곡이야 2000년대를 대표하는 곡인데 니가 모르는 거지
아무리 들어도 뭐가 좋은지 모르겠어 멜로디가 너무 단조로워
니가 5번만 더 들어봐 중독성 있거든 두고 봐 한 달 뒤에 흥얼거릴 거야"
h_168,일반 대화,"너 맨날 운동 간다 하면서 결국 안 가잖아 이번 달 헬스장 몇 번 갔어?
아 이번 주는 비 와서 안 갔어 ㅎㅎ 다음 주에는 진짜 갈 거야
지난주는 피곤하다 했고 그전에는 약속 있다 했잖아 ㅋㅋ 핑계 대장이야
알겠어 내일부터는 진짜 간다 같이 가자 감시해줘 ㅋㅋ"
h_169,일반 대화,"야 내가 진지하게 고민 상담하는데 왜 하품을 해 듣기 싫으면 말해 솔직하게
아 미안 어제 새벽 3시까지 과제 했거든 졸린 거지 네 얘기가 재미없는 게 아니야
내 고민 얘기가 자장가 수준이야? ㅋㅋ 듣는 척이라도 해줘
미안해 커피 사올게 마시고 제대로 들을게 처음부터 다시 얘기해줘 집중할게"
h_170,일반 대화,"자기야 설거지 네 차례야 내가 어제도 하고 그저께도 했거든 달력에 표시해놨어
어제 내가 한 것 같은데? 기억이 좀 다른데
냉장고에 붙여놓은 당번표 봐봐 어제 내 이름이야 오늘은 니 차례 맞지?
아 맞다 ㅋㅋ 착각했네 미안 지금 바로 할게 밀려 있는 것까지 다 해놓을게"
h_171,일반 대화,"야 너 말할 때 그 말버릇 좀 고쳐봐 대화할 때 신경 쓰여 ㅋㅋ
무슨 말버릇? 나 말버릇 있어? 처음 듣는데
말끝마다 근데를 붙이잖아 근데 근데 한 문장에 세 번은 써 ㅋㅋ
아 진짜? 나도 몰랐어 의식 못하고 있었나 보다 ㅋㅋ 고쳐볼게"
h_172,일반 대화,"형 TV 리모컨 줘 내가 볼 프로그램 시간이야 번갈아 보기로 했잖아
아직 이 경기 안 끝났어 5분만 더 보면 되거든 마지막 세트야
매번 5분이라고 해놓고 한 시간째 보고 있잖아 ㅋㅋ 약속 좀 지켜
알겠어 이 세트만 끝나면 진짜 줄게 심판 아저씨 빨리 끝내주세요"
h_173,일반 대화,"야 내가 비밀이라고 한 거 왜 다른 사람한테 말했어? 약속 어긴 거잖아
뭐? 무슨 비밀? 나 아무한테도 말 안 했는데
좋아하는 사람 있다고 나한테만 말했잖아 근데 은지가 그걸 알고 있더라
아 그건 진짜 실수야 은지한테 살짝 흘린 것 같아 미안해 앞으로 절대 안 그럴게"
h_174,일반 대화,"야 왜 단체 사진에서 나만 잘렸어? 다들 나오는데 나만 반쪽이야
미안 각도가 좀 안 좋았나 봐 ㅋㅋ 렌즈가 넓지 않아서
일부러 그런 거 아니야? 나만 빼려고 한 거 같은데 ㅋㅋ
아니야 진짜 실수야 다시 찍자 이번에는 네가 가운데 서 확실하게 다 나오게"
h_175,일반 대화,"야 나 인스타에 사진 올렸는데 너만 좋아요를 안 눌러줬잖아 서운해
아 바빠서 인스타를 못 봤어 ㅎㅎ 오늘 뜨긴 했어?
다른 친구들 게시물에는 다 좋아요 누르던데 내 것만 안 본 거야? ㅋㅋ
지금 바로 들어가서 누를게 댓글까지 남겨줄 테니까 삐지지 마"
h_176,일반 대화,"자기야 왜 친구 만나면 맨날 늦게 들어와? 11시라고 했으면 11시에 와야지
아 미안 친구들이 가지 말라고 해서 좀 늦어졌어 택시 타고 오는 중이야
그 핑계 벌써 세 번째야 ㅋㅋ 다음엔 시간 좀 지켜줘 나도 걱정되잖아
미안해 다음에는 알람 맞춰놓고 정확히 시간 맞춰서 올게 진짜로"
h_177,일반 대화,"야 내가 아끼던 텀블러 깨뜨린 거 너잖아 테이블에서 떨어진 거 봤어
아 그게 손에서 미끄러졌어 ㅠㅠ 정말 미안해 일부러 그런 거 아니야
그 텀블러 한정판이었는데 ㅋㅋ 구하기도 힘들었거든 보상해줘
같은 거 구할 수 있으면 사줄게 못 구하면 더 좋은 걸로 사줄게 진짜 미안해"
h_178,일반 대화,"너 요즘 연락이 너무 뜸해 우리 친구 맞아? ㅋㅋ 안부라도 좀 보내줘
아 미안해 시험 기간이라 진짜 정신없었어 폰도 거의 안 봤어
시험 끝나면 꼭 연락해 밥이라도 한번 먹자 나 삐졌어 진짜로
알겠어 시험 끝나는 금요일에 바로 연락할게 밥 내가 살게 미안해 ㅠㅠ"
h_179,일반 대화,"야 요즘 나보다 재영이랑 더 자주 만나는 것 같은데 나한테 질린 거야?
뭔 소리야 ㅋㅋ 재영이랑은 프로젝트 때문에 만나는 거야 질투하는 거야?
질투 아니고 팩트를 말하는 거야 지난달에 나랑 몇 번 만났는데
아 미안 이번 주말에 우리 둘이 맛있는 거 먹으러 가자 어디 갈까?"
h_180,일반 대화,"야 내 옆에서 양파 좀 까지 마 눈물이 멈추지 않아 주방이 가스실이야
요리하려면 양파를 까야 하잖아 어쩔 수 없는 거야 좀 참아
그러면 저쪽 구석에서 좀 까든가 굳이 내 바로 옆에서 해야 해? ㅋㅋ
알겠어 베란다에서 깔게 ㅋㅋ 그래도 내가 맛있는 거 만들어줄 테니까 기대해"
h_181,일반 대화,"야 왜 칭찬을 못 하니 내가 이렇게 열심히 했는데 한마디만 해줘
잘했어 수고했어 그거면 됐어?
진심이 하나도 안 느껴지는데 ㅋㅋ 좀 더 구체적으로 말해줘
알겠어 진짜 잘했어 특히 발표 부분이 인상적이었고 자료 정리도 깔끔했어 만족해?"
h_182,일반 대화,"오빠 왜 항상 동생한테만 잘해줘 나한테는 왜 그렇게 무심해
뭔 소리야 너한테도 잘하잖아 동생이 막내니까 좀 더 챙기는 것뿐이야
아까도 아이스크림 동생한테만 사줬잖아 나는 물어보지도 않고
아 그건 동생이 먼저 편의점에 같이 갔으니까 너도 사줄게 지금 갈래?"
h_183,일반 대화,"야 게임 몇 시간째 하고 있어 좀 쉬어라 눈 나빠지겠다 진지하게 말하는 거야
한 판만 더 하면 되거든 랭크 올리기 직전이야 좀만 기다려
아까도 한 판만이라고 했잖아 ㅋㅋ 벌써 세 시간째인데 중독 아니야?
알겠어 이번 판 끝나면 진짜 끌게 타이머 맞춰놓았으니까 봐줘"
h_184,일반 대화,"자기야 냉장고에 이름표까지 붙여놓은 내 케이크 먹은 거야? 설마 아니라고 해줘
아 그거 자기 거였어? 이름표 못 봤어 진짜 미안해 배고파서 먹었어
이름표를 눈 앞에 붙여놨는데 못 봤다고? ㅋㅋ 선택적 무시야 그거
미안해 내일 퇴근길에 더 큰 사이즈로 새로 사줄게 좋아하는 초코 케이크로"
h_185,일반 대화,"야 너는 왜 항상 운이 좋아 이번 경품 추첨에서도 당첨이야? 불공평하다
타고난 운이지 뭐 ㅎㅎ 이번엔 무선 충전기 당첨됐어
ㅋㅋ 진짜 얄밉다 나는 매번 꽝인데 운을 좀 나눠줘
대신 이번 경품 너 줄게 나는 이미 무선 충전기 있거든 축하해 ㅋㅋ"
h_186,일반 대화,"야 네 기계식 키보드 타이핑 소리 좀 줄여봐 밤에 소리가 벽 너머로 다 들려
이게 청축이라 어쩔 수 없어 기계식 특유의 타건감이 좋잖아
타건감보다 옆 사람 수면권이 더 중요하거든 ㅋㅋ 적축으로 바꾸든가
오링 끼우면 소음 많이 줄어든다는데 주말에 사서 달아볼게 미안해"
h_187,일반 대화,"야 왜 빨래를 색깔별로 분리 안 하고 한꺼번에 돌렸어 흰옷에 물 들었잖아
아 미안 바빠서 분리하는 거 깜빡했어 빨리 빨래 넣어야 해서
이 흰 티셔츠 아끼던 건데 ㅠㅠ 핑크색으로 물들었어 입을 수가 없어
미안해 표백제 사올게 안 빠지면 새 거 사줄게 다음엔 꼭 분리할게"
h_188,일반 대화,"야 농구에서 졌으면 졌다고 인정해 왜 심판 탓을 해 ㅋㅋ 보기 안 좋아
화 안 냈거든 다만 저 파울 콜은 진짜 억울했어 명백한 오심이잖아
얼굴이 빨개졌던 거는 뭐야 화 안 난 사람 얼굴이 아니었는데 ㅋㅋ
그건 뛰어서 그런 거야 ㅋㅋ 알겠어 인정할게 다음에 다시 한판 하자 복수전"
h_189,일반 대화,"야 네가 맛집이라고 강력 추천한 그 식당 진짜 별로였어 실망했다
엥 나는 갈 때마다 맛있었는데 네 입맛이 좀 특이한 거 아니야?
아무리 봐도 짜기만 하고 양도 적었어 ㅋㅋ 가성비가 안 나와
그럼 다음에는 네가 맛집 골라봐 네 기준에 맞는 곳으로 내가 따라갈게"
h_190,일반 대화,"야 오늘 왜 이렇게 늦게 일어나 벌써 11시야 약속 1시잖아 준비 안 해?
주말인데 좀 푹 자면 안 돼? 평일에 못 잤으니까 주말에 보충하는 거야
약속 2시간 전이야 씻고 옷 입고 이동하면 시간 빠듯한데
아 맞다 시간 가는 줄 몰랐네 지금 바로 준비할게 1시까지 간다 기다려"
h_191,일반 대화,"야 사진 보정 좀 자연스럽게 해 코가 어디 갔어 ㅋㅋ 이거 누구야
뭐가 원래 이렇게 생긴 건데 약간만 보정한 거야
약간이라고? 코가 반으로 줄었고 눈이 두 배로 커졌잖아 ㅋㅋㅋ
에이 원본이랑 비교해봐 살짝만 한 건데 알겠어 좀 줄일게 ㅋㅋ"
h_192,일반 대화,"야 심심한데 내기하자 지는 사람이 오늘 저녁 밥 사는 거야 어때?
좋아 뭘로 내기할 건데? 공정한 게임이어야 해
가위바위보 5판 3선승 이거보다 공정한 게 어딨어
오케이 해보자 나 가위바위보 실력 좋은데 절대 안 진다 각오해"
h_193,일반 대화,"자기야 아까 전화 3번이나 했는데 왜 한 번도 안 받았어 무슨 일 있는 줄 알았잖아
미안해 팀 회의 중이어서 폰을 무음으로 해놨었어 걱정했지?
회의가 2시간이었어? ㅋㅋ 그래도 중간에 화장실 갈 때 확인이라도 해줘
맞아 미안 앞으로는 쉬는 시간에 꼭 확인할게 회의 끝나자마자 바로 전화했잖아"
h_194,일반 대화,"야 내 별명 왜 감자로 지은 거야 ㅋㅋ 다른 사람들 앞에서 그렇게 부르지 마
감자가 귀여워서 그런 거야 동글동글한 게 너랑 닮아서
감자가 어떻게 귀여워 ㅋㅋ 좀 더 세련된 별명은 안 되나?
안 돼 감자가 딱이야 ㅋㅋ 다른 사람 앞에서는 안 부를게 우리끼리만 약속"
h_195,일반 대화,"야 너 혹시 뒤에서 내 흉보고 다니는 거 아니지? 수진이가 좀 이상한 말 하던데
뭔 소리야 절대 아니거든 내가 왜 네 흉을 봐 어떤 말 들었는데?
아 ㅋㅋ 장난이야 수진이가 오빠가 너 자랑만 한다고 하더라
뭐야 놀리지 마 ㅋㅋ 나 진짜 오해할 뻔했잖아 맞아 네 자랑만 하고 다녀"
h_196,일반 대화,"야 거기 내 자리인데 왜 앉아있어 맨날 여기 앉잖아 나 오는 거 봤으면서
아 몰랐어 여기 지정석이야? ㅋㅋ 이름 써있는 거 못 봤는데
보면 모르나 매일 여기 앉잖아 고정 자리라고 ㅋㅋ 다른 자리 많잖아
알겠어 옮길게 옮길게 ㅋㅋ 자리에 이름표라도 붙여놔 다음엔"
h_197,일반 대화,"야 네가 짠 코드 돌려봤는데 에러가 여기저기서 터져 ㅋㅋ 테스트 해본 거 맞아?
어디가 잘못됐어? 로컬에서는 됐는데 환경 차이인가
여기 봐봐 변수명 오타 있고 여기는 세미콜론 빠졌어 기본적인 건데
아 ㅋㅋ 진짜네 급하게 커밋해서 리뷰를 못 했다 고마워 지금 바로 수정할게"
h_198,일반 대화,"야 노래방에서 마이크 좀 내려놔 3곡 연속으로 부르잖아 다른 사람도 부르고 싶거든
아 미안 내가 좋아하는 노래가 연속으로 나와서 흥이 나버렸어
다른 사람들 리스트에 곡 쌓여있는 거 안 보여? 대기줄이 밀렸다고 ㅋㅋ
알겠어 이 곡만 마지막으로 부르고 넘길게 다음에 또 내 차례 오면 부를게"
h_199,일반 대화,"야 왜 나만 빼놓고 새 단톡방 만들었어? ㅋㅋ 캡처본 봤거든 증거 있어
아 깜빡하고 초대 안 한 거야 진짜야 일부러 뺀 거 아니거든
거짓말 같은데 방 이름이 뭐였는데 그건 비밀이야? ㅋㅋ
진짜 실수야 지금 바로 초대할게 ㅎㅎ 의심하지 마 서운하게 한 거 미안해"
